,PDB ID,cluster_by_RMSD,Ig_ID,cluster_by_length,H_loop
0,5k59,5k59,Abs,15_0_0_,H1
1,4zs7,5k59,Abs,15_0_0_,H1
2,7ps0,5k59,Abs,15_0_0_,H1
3,4f37,5k59,Abs,15_0_0_,H1
4,5xwd,5k59,Abs,15_0_0_,H1
5,7kql,5k59,Abs,15_0_0_,H1
6,6pze,5k59,Abs,15_0_0_,H1
7,5kjr,5k59,Abs,15_0_0_,H1
8,5bv7,5k59,Abs,15_0_0_,H1
9,6a67,5k59,Abs,15_0_0_,H1
10,7bel,5k59,Abs,15_0_0_,H1
11,5k9k,5k9k,Abs,15_0_0_,H1
12,7l7r,5k9k,Abs,15_0_0_,H1
13,2vxq,5k9k,Abs,15_0_0_,H1
14,5sx4,5k9k,Abs,15_0_0_,H1
15,7n4j,5k9k,Abs,15_0_0_,H1
16,6pis,5k9k,Abs,15_0_0_,H1
17,5w6g,5k9k,Abs,15_0_0_,H1
18,6oc3,5k9k,Abs,15_0_0_,H1
19,5dur,5k9k,Abs,15_0_0_,H1
20,6e4x,5k9k,Abs,15_0_0_,H1
21,5o1r,5k9k,Abs,15_0_0_,H1
22,4j4p,5k9k,Abs,15_0_0_,H1
23,6ztr,5k9k,Abs,15_0_0_,H1
24,3b2u,5k9k,Abs,15_0_0_,H1
25,6vug,5k9k,Abs,15_0_0_,H1
26,6iea,5k9k,Abs,15_0_0_,H1
27,2j88,5k9k,Abs,15_0_0_,H1
28,5utz,5k9k,Abs,15_0_0_,H1
29,5xku,5k9k,Abs,15_0_0_,H1
30,5ush,5k9k,Abs,15_0_0_,H1
31,3l5y,5k9k,Abs,15_0_0_,H1
32,6ion,6ion,Abs,15_0_0_,H1
33,3rkd,6ion,Abs,15_0_0_,H1
34,6ywc,6ion,Abs,15_0_0_,H1
35,3lev,6ion,Abs,15_0_0_,H1
36,7o52,6ion,Abs,15_0_0_,H1
37,7cm4,6ion,Abs,15_0_0_,H1
38,1jrh,6ion,Abs,15_0_0_,H1
39,7mmo,6ion,Abs,15_0_0_,H1
40,6hga,6ion,Abs,15_0_0_,H1
41,6apb,6ion,Abs,15_0_0_,H1
42,2hmi,6ion,Abs,15_0_0_,H1
43,4g6m,6ion,Abs,15_0_0_,H1
44,3qwo,6ion,Abs,15_0_0_,H1
45,6urm,6ion,Abs,15_0_0_,H1
46,1n6q,6ion,Abs,15_0_0_,H1
47,4jlr,4jlr,Abs,15_0_0_,H1
48,7mrz,7mrz,Abs,15_0_0_,H1
49,7bq5,7bq5,Abs,15_0_0_,H1
50,7qnx,7qnx,Abs,15_0_0_,H1
51,3tje,3tje,Abs,15_0_0_,H1
52,3thm,3tje,Abs,15_0_0_,H1
53,3l5w,3l5w,Abs,15_0_0_,H1
54,3lzf,3lzf,Abs,15_0_0_,H1
55,6uht,6uht,Nbs,15_0_0_,H1
56,5do2,5do2,Abs,13_0_0_,H1
57,7r6w,5do2,Abs,13_0_0_,H1
58,5ggv,5do2,Abs,13_0_0_,H1
59,6wzm,5do2,Abs,13_0_0_,H1
60,4hkx,5do2,Abs,13_0_0_,H1
61,3bdy,5do2,Abs,13_0_0_,H1
62,4uta,5do2,Abs,13_0_0_,H1
63,3k2u,5do2,Abs,13_0_0_,H1
64,6xpx,5do2,Abs,13_0_0_,H1
65,3nh7,5do2,Abs,13_0_0_,H1
66,6wtu,5do2,Abs,13_0_0_,H1
67,5ikc,5do2,Abs,13_0_0_,H1
68,3wih,5do2,Abs,13_0_0_,H1
69,1n8z,5do2,Abs,13_0_0_,H1
70,6mg7,5do2,Abs,13_0_0_,H1
71,7lcv,5do2,Abs,13_0_0_,H1
72,6vmj,5do2,Abs,13_0_0_,H1
73,2xqb,5do2,Abs,13_0_0_,H1
74,3so3,5do2,Abs,13_0_0_,H1
75,6vy6,5do2,Abs,13_0_0_,H1
76,5f9o,5do2,Abs,13_0_0_,H1
77,3s37,5do2,Abs,13_0_0_,H1
78,6cyf,5do2,Abs,13_0_0_,H1
79,2ybr,5do2,Abs,13_0_0_,H1
80,1yjd,5do2,Abs,13_0_0_,H1
81,4uv7,5do2,Abs,13_0_0_,H1
82,3be1,5do2,Abs,13_0_0_,H1
83,6pzf,5do2,Abs,13_0_0_,H1
84,6z2l,5do2,Abs,13_0_0_,H1
85,4g6j,5do2,Abs,13_0_0_,H1
86,6lz9,5do2,Abs,13_0_0_,H1
87,7lm8,5do2,Abs,13_0_0_,H1
88,5tlk,5do2,Abs,13_0_0_,H1
89,6bft,5do2,Abs,13_0_0_,H1
90,7r6x,5do2,Abs,13_0_0_,H1
91,3se8,5do2,Abs,13_0_0_,H1
92,4liq,5do2,Abs,13_0_0_,H1
93,1h0d,5do2,Abs,13_0_0_,H1
94,4yx2,5do2,Abs,13_0_0_,H1
95,6iap,5do2,Abs,13_0_0_,H1
96,1tpx,5do2,Abs,13_0_0_,H1
97,6nm6,5do2,Abs,13_0_0_,H1
98,5wk3,5do2,Abs,13_0_0_,H1
99,6oor,5do2,Abs,13_0_0_,H1
100,4gms,5do2,Abs,13_0_0_,H1
101,7orb,5do2,Abs,13_0_0_,H1
102,6hf1,5do2,Abs,13_0_0_,H1
103,7dk2,5do2,Abs,13_0_0_,H1
104,4cmh,5do2,Abs,13_0_0_,H1
105,6hhc,5do2,Abs,13_0_0_,H1
106,5i9q,5do2,Abs,13_0_0_,H1
107,1bj1,5do2,Abs,13_0_0_,H1
108,5w06,5do2,Abs,13_0_0_,H1
109,6c6z,5do2,Abs,13_0_0_,H1
110,5vcn,5do2,Abs,13_0_0_,H1
111,5d72,5do2,Abs,13_0_0_,H1
112,6okm,5do2,Abs,13_0_0_,H1
113,4lou,5do2,Abs,13_0_0_,H1
114,4m8q,5do2,Abs,13_0_0_,H1
115,4jb9,5do2,Abs,13_0_0_,H1
116,6nmv,5do2,Abs,13_0_0_,H1
117,1cz8,5do2,Abs,13_0_0_,H1
118,3sob,5do2,Abs,13_0_0_,H1
119,6p50,5do2,Abs,13_0_0_,H1
120,4g3y,5do2,Abs,13_0_0_,H1
121,6b0a,5do2,Abs,13_0_0_,H1
122,4al8,5do2,Abs,13_0_0_,H1
123,6aq7,5do2,Abs,13_0_0_,H1
124,3hi6,5do2,Abs,13_0_0_,H1
125,6bck,5do2,Abs,13_0_0_,H1
126,5mi0,5do2,Abs,13_0_0_,H1
127,7chc,5do2,Abs,13_0_0_,H1
128,4uu9,5do2,Abs,13_0_0_,H1
129,4dw2,5do2,Abs,13_0_0_,H1
130,4z7n,5do2,Abs,13_0_0_,H1
131,6hx4,5do2,Abs,13_0_0_,H1
132,4o9h,5do2,Abs,13_0_0_,H1
133,7f7e,5do2,Abs,13_0_0_,H1
134,1uj3,5do2,Abs,13_0_0_,H1
135,4u6v,5do2,Abs,13_0_0_,H1
136,5d71,5do2,Abs,13_0_0_,H1
137,4rrp,5do2,Abs,13_0_0_,H1
138,6ddm,5do2,Abs,13_0_0_,H1
139,7dc8,5do2,Abs,13_0_0_,H1
140,7duo,5do2,Abs,13_0_0_,H1
141,2ypv,5do2,Abs,13_0_0_,H1
142,4dgi,5do2,Abs,13_0_0_,H1
143,6al5,5do2,Abs,13_0_0_,H1
144,5nuz,5do2,Abs,13_0_0_,H1
145,6nmu,5do2,Abs,13_0_0_,H1
146,6a0z,5do2,Abs,13_0_0_,H1
147,5fb8,5do2,Abs,13_0_0_,H1
148,2wub,5do2,Abs,13_0_0_,H1
149,7lm9,5do2,Abs,13_0_0_,H1
150,2adf,5do2,Abs,13_0_0_,H1
151,4lf3,5do2,Abs,13_0_0_,H1
152,7seg,5do2,Abs,13_0_0_,H1
153,4bz1,5do2,Abs,13_0_0_,H1
154,5usl,5do2,Abs,13_0_0_,H1
155,3lh2,5do2,Abs,13_0_0_,H1
156,5t5f,5do2,Abs,13_0_0_,H1
157,4wv1,5do2,Abs,13_0_0_,H1
158,6pxh,5do2,Abs,13_0_0_,H1
159,7ahu,5do2,Abs,13_0_0_,H1
160,2jel,5do2,Abs,13_0_0_,H1
161,6nmr,5do2,Abs,13_0_0_,H1
162,4r8w,5do2,Abs,13_0_0_,H1
163,5kvg,5do2,Abs,13_0_0_,H1
164,5ggs,5do2,Abs,13_0_0_,H1
165,4y5v,5do2,Abs,13_0_0_,H1
166,5tz2,5do2,Abs,13_0_0_,H1
167,7q0i,5do2,Abs,13_0_0_,H1
168,7ly3,5do2,Abs,13_0_0_,H1
169,7mzh,5do2,Abs,13_0_0_,H1
170,4xph,5do2,Abs,13_0_0_,H1
171,7chy,5do2,Abs,13_0_0_,H1
172,6xzw,5do2,Abs,13_0_0_,H1
173,2fjg,5do2,Abs,13_0_0_,H1
174,6pe8,5do2,Abs,13_0_0_,H1
175,4qww,5do2,Abs,13_0_0_,H1
176,7e72,5do2,Abs,13_0_0_,H1
177,5lqb,5do2,Abs,13_0_0_,H1
178,6bpc,5do2,Abs,13_0_0_,H1
179,4h88,5do2,Abs,13_0_0_,H1
180,2xqy,5do2,Abs,13_0_0_,H1
181,6ute,5do2,Abs,13_0_0_,H1
182,2r56,5do2,Abs,13_0_0_,H1
183,6elu,5do2,Abs,13_0_0_,H1
184,1oak,5do2,Abs,13_0_0_,H1
185,7lop,5do2,Abs,13_0_0_,H1
186,5vyf,5do2,Abs,13_0_0_,H1
187,4okv,5do2,Abs,13_0_0_,H1
188,6lxi,5do2,Abs,13_0_0_,H1
189,5c7x,5do2,Abs,13_0_0_,H1
190,6icc,5do2,Abs,13_0_0_,H1
191,6fax,5do2,Abs,13_0_0_,H1
192,5hdq,5do2,Abs,13_0_0_,H1
193,5te4,5do2,Abs,13_0_0_,H1
194,6wgl,5do2,Abs,13_0_0_,H1
195,1mhp,5do2,Abs,13_0_0_,H1
196,6wmw,5do2,Abs,13_0_0_,H1
197,1jhl,5do2,Abs,13_0_0_,H1
198,7mzk,5do2,Abs,13_0_0_,H1
199,4f3f,5do2,Abs,13_0_0_,H1
200,3r1g,5do2,Abs,13_0_0_,H1
201,7ps2,5do2,Abs,13_0_0_,H1
202,7qu1,5do2,Abs,13_0_0_,H1
203,5xez,5do2,Abs,13_0_0_,H1
204,5l0q,5do2,Abs,13_0_0_,H1
205,4ag4,5do2,Abs,13_0_0_,H1
206,7cvt,5do2,Abs,13_0_0_,H1
207,7dm2,5do2,Abs,13_0_0_,H1
208,4l5f,5do2,Abs,13_0_0_,H1
209,6xc7,5do2,Abs,13_0_0_,H1
210,6xcj,5do2,Abs,13_0_0_,H1
211,7o9s,5do2,Abs,13_0_0_,H1
212,6nms,5do2,Abs,13_0_0_,H1
213,7kpg,5do2,Abs,13_0_0_,H1
214,5te6,5do2,Abs,13_0_0_,H1
215,6k65,5do2,Abs,13_0_0_,H1
216,4qci,5do2,Abs,13_0_0_,H1
217,2vdm,5do2,Abs,13_0_0_,H1
218,4ye4,5do2,Abs,13_0_0_,H1
219,5d8j,5do2,Abs,13_0_0_,H1
220,6e62,5do2,Abs,13_0_0_,H1
221,4lqf,5do2,Abs,13_0_0_,H1
222,6aod,5do2,Abs,13_0_0_,H1
223,1nca,5do2,Abs,13_0_0_,H1
224,4k2u,5do2,Abs,13_0_0_,H1
225,6kyz,5do2,Abs,13_0_0_,H1
226,7s11,5do2,Abs,13_0_0_,H1
227,5n7w,5do2,Abs,13_0_0_,H1
228,5f3h,5do2,Abs,13_0_0_,H1
229,5otj,5do2,Abs,13_0_0_,H1
230,6oz2,5do2,Abs,13_0_0_,H1
231,6vel,5do2,Abs,13_0_0_,H1
232,7tn0,5do2,Abs,13_0_0_,H1
233,4qhu,5do2,Abs,13_0_0_,H1
234,1egj,5do2,Abs,13_0_0_,H1
235,4jzj,5do2,Abs,13_0_0_,H1
236,3o0r,5do2,Abs,13_0_0_,H1
237,4fqj,5do2,Abs,13_0_0_,H1
238,4ffv,5do2,Abs,13_0_0_,H1
239,3d85,5do2,Abs,13_0_0_,H1
240,6jbt,5do2,Abs,13_0_0_,H1
241,4hwb,5do2,Abs,13_0_0_,H1
242,7lr3,5do2,Abs,13_0_0_,H1
243,4m62,5do2,Abs,13_0_0_,H1
244,6b0s,5do2,Abs,13_0_0_,H1
245,7n3c,5do2,Abs,13_0_0_,H1
246,5lsp,5do2,Abs,13_0_0_,H1
247,3g04,5do2,Abs,13_0_0_,H1
248,6m58,5do2,Abs,13_0_0_,H1
249,2zch,5do2,Abs,13_0_0_,H1
250,7bbj,5do2,Abs,13_0_0_,H1
251,4k9e,5do2,Abs,13_0_0_,H1
252,6hig,5do2,Abs,13_0_0_,H1
253,5dfv,5do2,Abs,13_0_0_,H1
254,7kq7,5do2,Abs,13_0_0_,H1
255,6mft,5do2,Abs,13_0_0_,H1
256,5k9q,5do2,Abs,13_0_0_,H1
257,6b0g,5do2,Abs,13_0_0_,H1
258,3ld8,5do2,Abs,13_0_0_,H1
259,7kf0,5do2,Abs,13_0_0_,H1
260,5l6y,5do2,Abs,13_0_0_,H1
261,6mej,5do2,Abs,13_0_0_,H1
262,7a3u,5do2,Abs,13_0_0_,H1
263,4irz,5do2,Abs,13_0_0_,H1
264,5mes,5do2,Abs,13_0_0_,H1
265,7lfa,5do2,Abs,13_0_0_,H1
266,3pnw,5do2,Abs,13_0_0_,H1
267,7ceb,5do2,Abs,13_0_0_,H1
268,5vig,5do2,Abs,13_0_0_,H1
269,5uem,5do2,Abs,13_0_0_,H1
270,3skj,5do2,Abs,13_0_0_,H1
271,6wir,5do2,Abs,13_0_0_,H1
272,3p0y,5do2,Abs,13_0_0_,H1
273,5x8m,5do2,Abs,13_0_0_,H1
274,6e56,5do2,Abs,13_0_0_,H1
275,7s0b,5do2,Abs,13_0_0_,H1
276,5w5z,5do2,Abs,13_0_0_,H1
277,5nh3,5do2,Abs,13_0_0_,H1
278,3h42,5do2,Abs,13_0_0_,H1
279,6flc,5do2,Abs,13_0_0_,H1
280,4edx,5do2,Abs,13_0_0_,H1
281,7pr0,5do2,Abs,13_0_0_,H1
282,4bz2,5do2,Abs,13_0_0_,H1
283,5veb,5do2,Abs,13_0_0_,H1
284,6oy4,5do2,Abs,13_0_0_,H1
285,6wh9,5do2,Abs,13_0_0_,H1
286,5wi9,5do2,Abs,13_0_0_,H1
287,6ddv,5do2,Abs,13_0_0_,H1
288,2oz4,5do2,Abs,13_0_0_,H1
289,6glw,5do2,Abs,13_0_0_,H1
290,4oii,5do2,Abs,13_0_0_,H1
291,7kpb,5do2,Abs,13_0_0_,H1
292,7cqc,5do2,Abs,13_0_0_,H1
293,2nr6,5do2,Abs,13_0_0_,H1
294,4zff,5do2,Abs,13_0_0_,H1
295,6wzl,5do2,Abs,13_0_0_,H1
296,5yoy,5do2,Abs,13_0_0_,H1
297,7qnw,5do2,Abs,13_0_0_,H1
298,4hcr,5do2,Abs,13_0_0_,H1
299,6cw2,5do2,Abs,13_0_0_,H1
300,7ean,5do2,Abs,13_0_0_,H1
301,3t2n,5do2,Abs,13_0_0_,H1
302,3hmx,5do2,Abs,13_0_0_,H1
303,5w0d,5do2,Abs,13_0_0_,H1
304,5w4l,5do2,Abs,13_0_0_,H1
305,7kez,5do2,Abs,13_0_0_,H1
306,6nmt,5do2,Abs,13_0_0_,H1
307,4ht1,5do2,Abs,13_0_0_,H1
308,4f2m,5do2,Abs,13_0_0_,H1
309,4dtg,5do2,Abs,13_0_0_,H1
310,3eoa,5do2,Abs,13_0_0_,H1
311,3vg9,5do2,Abs,13_0_0_,H1
312,5w5x,5do2,Abs,13_0_0_,H1
313,5ngv,5do2,Abs,13_0_0_,H1
314,7lfb,5do2,Abs,13_0_0_,H1
315,5bk2,5do2,Abs,13_0_0_,H1
316,4jpk,5do2,Abs,13_0_0_,H1
317,5yy5,5do2,Abs,13_0_0_,H1
318,6o1f,5do2,Abs,13_0_0_,H1
319,2qqn,5do2,Abs,13_0_0_,H1
320,4jqi,5do2,Abs,13_0_0_,H1
321,6dkj,5do2,Abs,13_0_0_,H1
322,7l0n,5do2,Abs,13_0_0_,H1
323,3x3f,5do2,Abs,13_0_0_,H1
324,1ztx,5do2,Abs,13_0_0_,H1
325,6mtq,5do2,Abs,13_0_0_,H1
326,1sy6,5do2,Abs,13_0_0_,H1
327,3liz,5do2,Abs,13_0_0_,H1
328,3grw,5do2,Abs,13_0_0_,H1
329,6q20,5do2,Abs,13_0_0_,H1
330,6j5f,5do2,Abs,13_0_0_,H1
331,7e9b,5do2,Abs,13_0_0_,H1
332,7dha,5do2,Abs,13_0_0_,H1
333,7bep,5do2,Abs,13_0_0_,H1
334,6o3a,5do2,Abs,13_0_0_,H1
335,7jx3,5do2,Abs,13_0_0_,H1
336,5wt9,5do2,Abs,13_0_0_,H1
337,4i2x,5do2,Abs,13_0_0_,H1
338,6wzk,5do2,Abs,13_0_0_,H1
339,5usi,5do2,Abs,13_0_0_,H1
340,6flb,5do2,Abs,13_0_0_,H1
341,5x2o,5do2,Abs,13_0_0_,H1
342,7a3o,5do2,Abs,13_0_0_,H1
343,5ob5,5do2,Abs,13_0_0_,H1
344,7cr5,5do2,Abs,13_0_0_,H1
345,4cad,5do2,Abs,13_0_0_,H1
346,7n3d,5do2,Abs,13_0_0_,H1
347,7n4i,5do2,Abs,13_0_0_,H1
348,3v6o,5do2,Abs,13_0_0_,H1
349,5f9w,5do2,Abs,13_0_0_,H1
350,5o4g,5do2,Abs,13_0_0_,H1
351,3ejz,5do2,Abs,13_0_0_,H1
352,7rks,5do2,Abs,13_0_0_,H1
353,1fe8,5do2,Abs,13_0_0_,H1
354,4qti,5do2,Abs,13_0_0_,H1
355,6ohg,5do2,Abs,13_0_0_,H1
356,3sqo,5do2,Abs,13_0_0_,H1
357,4ot1,5do2,Abs,13_0_0_,H1
358,5tzu,5do2,Abs,13_0_0_,H1
359,4kk9,5do2,Abs,13_0_0_,H1
360,5x0t,5do2,Abs,13_0_0_,H1
361,7sem,5do2,Abs,13_0_0_,H1
362,2xwt,5do2,Abs,13_0_0_,H1
363,7b0b,5do2,Abs,13_0_0_,H1
364,4zpt,5do2,Abs,13_0_0_,H1
365,7e5o,5do2,Abs,13_0_0_,H1
366,1ob1,5do2,Abs,13_0_0_,H1
367,7phw,5do2,Abs,13_0_0_,H1
368,1kb5,5do2,Abs,13_0_0_,H1
369,5jxe,5do2,Abs,13_0_0_,H1
370,4lsu,5do2,Abs,13_0_0_,H1
371,4jpw,5do2,Abs,13_0_0_,H1
372,7or9,5do2,Abs,13_0_0_,H1
373,6h3t,5do2,Abs,13_0_0_,H1
374,4xwo,5do2,Abs,13_0_0_,H1
375,5o14,5do2,Abs,13_0_0_,H1
376,4k94,5do2,Abs,13_0_0_,H1
377,7d85,5do2,Abs,13_0_0_,H1
378,4rdq,5do2,Abs,13_0_0_,H1
379,5f96,5do2,Abs,13_0_0_,H1
380,6al0,5do2,Abs,13_0_0_,H1
381,4np4,5do2,Abs,13_0_0_,H1
382,2vh5,5do2,Abs,13_0_0_,H1
383,7kfv,5do2,Abs,13_0_0_,H1
384,7lsf,5do2,Abs,13_0_0_,H1
385,6wit,5do2,Abs,13_0_0_,H1
386,6d2p,5do2,Abs,13_0_0_,H1
387,7phu,5do2,Abs,13_0_0_,H1
388,5mo9,5do2,Abs,13_0_0_,H1
389,4ydk,5do2,Abs,13_0_0_,H1
390,3pgf,5do2,Abs,13_0_0_,H1
391,5xxy,5do2,Abs,13_0_0_,H1
392,1nmc,5do2,Abs,13_0_0_,H1
393,7lja,5do2,Abs,13_0_0_,H1
394,7lf8,5do2,Abs,13_0_0_,H1
395,4kv5,5do2,Abs,13_0_0_,H1
396,5ugy,5do2,Abs,13_0_0_,H1
397,7ps6,5do2,Abs,13_0_0_,H1
398,5a3i,5do2,Abs,13_0_0_,H1
399,3lhp,5do2,Abs,13_0_0_,H1
400,7mzj,5do2,Abs,13_0_0_,H1
401,7vux,5do2,Abs,13_0_0_,H1
402,5kvf,5do2,Abs,13_0_0_,H1
403,5mvz,5do2,Abs,13_0_0_,H1
404,6nyq,5do2,Abs,13_0_0_,H1
405,4ypg,5do2,Abs,13_0_0_,H1
406,6p67,5do2,Abs,13_0_0_,H1
407,6whk,5do2,Abs,13_0_0_,H1
408,3mxw,5do2,Abs,13_0_0_,H1
409,7rah,5do2,Abs,13_0_0_,H1
410,6yxd,5do2,Abs,13_0_0_,H1
411,3l95,5do2,Abs,13_0_0_,H1
412,1gc1,5do2,Abs,13_0_0_,H1
413,4dke,5do2,Abs,13_0_0_,H1
414,2vxt,5do2,Abs,13_0_0_,H1
415,5w08,5do2,Abs,13_0_0_,H1
416,5wb9,5do2,Abs,13_0_0_,H1
417,6n81,5do2,Abs,13_0_0_,H1
418,6o9h,5do2,Abs,13_0_0_,H1
419,5vic,5do2,Abs,13_0_0_,H1
420,5tfw,5do2,Abs,13_0_0_,H1
421,5nmv,5do2,Abs,13_0_0_,H1
422,5wux,5do2,Abs,13_0_0_,H1
423,7chz,5do2,Abs,13_0_0_,H1
424,2nyy,5do2,Abs,13_0_0_,H1
425,6cbv,5do2,Abs,13_0_0_,H1
426,2bdn,5do2,Abs,13_0_0_,H1
427,3kr3,5do2,Abs,13_0_0_,H1
428,6plk,5do2,Abs,13_0_0_,H1
429,5eu7,5do2,Abs,13_0_0_,H1
430,6ogx,5do2,Abs,13_0_0_,H1
431,7l7e,5do2,Abs,13_0_0_,H1
432,5y2l,5do2,Abs,13_0_0_,H1
433,5kvd,5do2,Abs,13_0_0_,H1
434,7klh,5do2,Abs,13_0_0_,H1
435,3hi1,5do2,Abs,13_0_0_,H1
436,6jjp,5do2,Abs,13_0_0_,H1
437,6woz,5do2,Abs,13_0_0_,H1
438,6bf4,5do2,Abs,13_0_0_,H1
439,2ny3,5do2,Abs,13_0_0_,H1
440,4ala,5do2,Abs,13_0_0_,H1
441,7keo,5do2,Abs,13_0_0_,H1
442,7ket,5do2,Abs,13_0_0_,H1
443,6umx,5do2,Abs,13_0_0_,H1
444,7kqg,5do2,Abs,13_0_0_,H1
445,2vxs,5do2,Abs,13_0_0_,H1
446,5eii,5do2,Abs,13_0_0_,H1
447,6r8x,5do2,Abs,13_0_0_,H1
448,7qu2,5do2,Abs,13_0_0_,H1
449,7qny,5do2,Abs,13_0_0_,H1
450,3sdy,5do2,Abs,13_0_0_,H1
451,6rp8,5do2,Abs,13_0_0_,H1
452,6ddr,5do2,Abs,13_0_0_,H1
453,5te7,5do2,Abs,13_0_0_,H1
454,5hbt,5do2,Abs,13_0_0_,H1
455,3bn9,5do2,Abs,13_0_0_,H1
456,3vi3,5do2,Abs,13_0_0_,H1
457,6e63,5do2,Abs,13_0_0_,H1
458,6ye3,5do2,Abs,13_0_0_,H1
459,7ps4,5do2,Abs,13_0_0_,H1
460,6lyn,5do2,Abs,13_0_0_,H1
461,1ar1,5do2,Abs,13_0_0_,H1
462,4leo,5do2,Abs,13_0_0_,H1
463,7kfx,5do2,Abs,13_0_0_,H1
464,5vqm,5do2,Abs,13_0_0_,H1
465,6tyb,5do2,Abs,13_0_0_,H1
466,4jre,5do2,Abs,13_0_0_,H1
467,6yax,5do2,Abs,13_0_0_,H1
468,5bjz,5do2,Abs,13_0_0_,H1
469,5d70,5do2,Abs,13_0_0_,H1
470,6ss2,5do2,Abs,13_0_0_,H1
471,6sc6,5do2,Nbs,13_0_0_,H1
472,6v7y,5do2,Nbs,13_0_0_,H1
473,7d8b,5do2,Nbs,13_0_0_,H1
474,7aqz,5do2,Nbs,13_0_0_,H1
475,7d2z,5do2,Nbs,13_0_0_,H1
476,7aqx,5do2,Nbs,13_0_0_,H1
477,5m2j,5do2,Nbs,13_0_0_,H1
478,7apj,5do2,Nbs,13_0_0_,H1
479,5e7f,5do2,Nbs,13_0_0_,H1
480,5o02,5do2,Nbs,13_0_0_,H1
481,5c3l,5do2,Nbs,13_0_0_,H1
482,6gwp,5do2,Nbs,13_0_0_,H1
483,4w6y,5do2,Nbs,13_0_0_,H1
484,6xw7,5do2,Nbs,13_0_0_,H1
485,6ze1,5do2,Nbs,13_0_0_,H1
486,7d6y,5do2,Nbs,13_0_0_,H1
487,7kd0,5do2,Nbs,13_0_0_,H1
488,7kn6,5do2,Nbs,13_0_0_,H1
489,7aqy,5do2,Nbs,13_0_0_,H1
490,5nbl,5do2,Nbs,13_0_0_,H1
491,7d5u,5do2,Nbs,13_0_0_,H1
492,6r7t,5do2,Nbs,13_0_0_,H1
493,5jmo,5do2,Nbs,13_0_0_,H1
494,7t5f,5do2,Nbs,13_0_0_,H1
495,4eig,5do2,Nbs,13_0_0_,H1
496,6rvc,5do2,Nbs,13_0_0_,H1
497,4kfz,5do2,Nbs,13_0_0_,H1
498,3k74,5do2,Nbs,13_0_0_,H1
499,7cz0,5do2,Nbs,13_0_0_,H1
500,4bel,5do2,Nbs,13_0_0_,H1
501,6oq6,5do2,Nbs,13_0_0_,H1
502,4weu,5do2,Nbs,13_0_0_,H1
503,7olz,5do2,Nbs,13_0_0_,H1
504,6ir2,5do2,Nbs,13_0_0_,H1
505,5y7z,5do2,Nbs,13_0_0_,H1
506,6fe4,5do2,Nbs,13_0_0_,H1
507,6xw6,5do2,Nbs,13_0_0_,H1
508,6vbg,5do2,Nbs,13_0_0_,H1
509,5n88,5do2,Nbs,13_0_0_,H1
510,5f1o,5do2,Nbs,13_0_0_,H1
511,6fv0,5do2,Nbs,13_0_0_,H1
512,6xzu,5do2,Nbs,13_0_0_,H1
513,7na9,5do2,Nbs,13_0_0_,H1
514,5vxl,5do2,Nbs,13_0_0_,H1
515,6oq8,5do2,Nbs,13_0_0_,H1
516,4nby,5do2,Nbs,13_0_0_,H1
517,7o06,5do2,Nbs,13_0_0_,H1
518,6z20,5do2,Nbs,13_0_0_,H1
519,6tej,5do2,Nbs,13_0_0_,H1
520,4y7m,5do2,Nbs,13_0_0_,H1
521,3p9w,5do2,Nbs,13_0_0_,H1
522,4orz,5do2,Nbs,13_0_0_,H1
523,7nfq,5do2,Nbs,13_0_0_,H1
524,5e5m,5do2,Nbs,13_0_0_,H1
525,5e1h,5do2,Nbs,13_0_0_,H1
526,4nc2,5do2,Nbs,13_0_0_,H1
527,7n0r,5do2,Nbs,13_0_0_,H1
528,7can,5do2,Nbs,13_0_0_,H1
529,5dmj,5do2,Nbs,13_0_0_,H1
530,6x07,5do2,Nbs,13_0_0_,H1
531,5vxj,5do2,Nbs,13_0_0_,H1
532,5hgg,5do2,Nbs,13_0_0_,H1
533,3ogo,5do2,Nbs,13_0_0_,H1
534,6waq,5do2,Nbs,13_0_0_,H1
535,5ja9,5do2,Nbs,13_0_0_,H1
536,4lgs,5do2,Nbs,13_0_0_,H1
537,6z6v,5do2,Nbs,13_0_0_,H1
538,2vyr,5do2,Nbs,13_0_0_,H1
539,4fhb,5do2,Nbs,13_0_0_,H1
540,3cfi,5do2,Nbs,13_0_0_,H1
541,7nfr,5do2,Nbs,13_0_0_,H1
542,7czd,5do2,Nbs,13_0_0_,H1
543,5vxm,5do2,Nbs,13_0_0_,H1
544,6lz2,5do2,Nbs,13_0_0_,H1
545,5usf,5do2,Nbs,13_0_0_,H1
546,5omn,5do2,Nbs,13_0_0_,H1
547,6hhu,5do2,Nbs,13_0_0_,H1
548,6csy,5do2,Nbs,13_0_0_,H1
549,4n1h,5do2,Nbs,13_0_0_,H1
550,6gkd,5do2,Nbs,13_0_0_,H1
551,4u3x,5do2,Nbs,13_0_0_,H1
552,7b27,5do2,Nbs,13_0_0_,H1
553,7oau,5do2,Nbs,13_0_0_,H1
554,1ahw,1ahw,Abs,13_0_0_,H1
555,5w2b,1ahw,Abs,13_0_0_,H1
556,3mj9,1ahw,Abs,13_0_0_,H1
557,6lxj,1ahw,Abs,13_0_0_,H1
558,4zfg,1ahw,Abs,13_0_0_,H1
559,6xsw,1ahw,Abs,13_0_0_,H1
560,7s4s,1ahw,Abs,13_0_0_,H1
561,7b3o,1ahw,Abs,13_0_0_,H1
562,2dqf,1ahw,Abs,13_0_0_,H1
563,6osh,1ahw,Abs,13_0_0_,H1
564,1ua6,1ahw,Abs,13_0_0_,H1
565,4m1g,1ahw,Abs,13_0_0_,H1
566,6u36,1ahw,Abs,13_0_0_,H1
567,6u6u,1ahw,Abs,13_0_0_,H1
568,6a3w,1ahw,Abs,13_0_0_,H1
569,6ck9,1ahw,Abs,13_0_0_,H1
570,7chs,1ahw,Abs,13_0_0_,H1
571,3qa3,1ahw,Abs,13_0_0_,H1
572,6xe1,1ahw,Abs,13_0_0_,H1
573,4lu5,1ahw,Abs,13_0_0_,H1
574,2dqc,1ahw,Abs,13_0_0_,H1
575,4d9r,1ahw,Abs,13_0_0_,H1
576,7kyo,1ahw,Abs,13_0_0_,H1
577,4yqx,1ahw,Abs,13_0_0_,H1
578,6u9s,1ahw,Abs,13_0_0_,H1
579,6wo5,1ahw,Abs,13_0_0_,H1
580,1tzh,1ahw,Abs,13_0_0_,H1
581,6muf,1ahw,Abs,13_0_0_,H1
582,3ngb,1ahw,Abs,13_0_0_,H1
583,6bpa,1ahw,Abs,13_0_0_,H1
584,7jkt,1ahw,Abs,13_0_0_,H1
585,3s35,1ahw,Abs,13_0_0_,H1
586,7n3i,1ahw,Abs,13_0_0_,H1
587,7mf1,1ahw,Abs,13_0_0_,H1
588,7r8l,1ahw,Abs,13_0_0_,H1
589,7jmo,1ahw,Abs,13_0_0_,H1
590,5gjs,1ahw,Abs,13_0_0_,H1
591,6mi2,1ahw,Abs,13_0_0_,H1
592,6rps,1ahw,Abs,13_0_0_,H1
593,3o2d,1ahw,Abs,13_0_0_,H1
594,7e7y,1ahw,Abs,13_0_0_,H1
595,7kmi,1ahw,Abs,13_0_0_,H1
596,5xmh,1ahw,Abs,13_0_0_,H1
597,1j1p,1ahw,Abs,13_0_0_,H1
598,6dfj,1ahw,Abs,13_0_0_,H1
599,4yue,1ahw,Abs,13_0_0_,H1
600,7daa,1ahw,Abs,13_0_0_,H1
601,4tsb,1ahw,Abs,13_0_0_,H1
602,6iek,1ahw,Abs,13_0_0_,H1
603,7eam,1ahw,Abs,13_0_0_,H1
604,5kan,1ahw,Abs,13_0_0_,H1
605,4edw,1ahw,Abs,13_0_0_,H1
606,4plj,1ahw,Abs,13_0_0_,H1
607,1jps,1ahw,Abs,13_0_0_,H1
608,5vkd,1ahw,Abs,13_0_0_,H1
609,7dr4,1ahw,Abs,13_0_0_,H1
610,4ttd,1ahw,Abs,13_0_0_,H1
611,6i9i,1ahw,Abs,13_0_0_,H1
612,3zkn,1ahw,Abs,13_0_0_,H1
613,7c01,1ahw,Abs,13_0_0_,H1
614,4xvs,1ahw,Abs,13_0_0_,H1
615,1j1x,1ahw,Abs,13_0_0_,H1
616,1xgr,1ahw,Abs,13_0_0_,H1
617,1ic5,1ahw,Abs,13_0_0_,H1
618,4g7v,1ahw,Abs,13_0_0_,H1
619,5c0n,1ahw,Abs,13_0_0_,H1
620,1ndm,1ahw,Abs,13_0_0_,H1
621,5ldn,1ahw,Abs,13_0_0_,H1
622,5bo1,1ahw,Abs,13_0_0_,H1
623,4cni,1ahw,Abs,13_0_0_,H1
624,1e6j,1ahw,Abs,13_0_0_,H1
625,7kd6,1ahw,Abs,13_0_0_,H1
626,5vco,1ahw,Abs,13_0_0_,H1
627,6ayz,1ahw,Abs,13_0_0_,H1
628,2r29,1ahw,Abs,13_0_0_,H1
629,5ies,1ahw,Abs,13_0_0_,H1
630,2qqk,1ahw,Abs,13_0_0_,H1
631,1wej,1ahw,Abs,13_0_0_,H1
632,6vgr,1ahw,Abs,13_0_0_,H1
633,6phb,1ahw,Abs,13_0_0_,H1
634,4i77,1ahw,Abs,13_0_0_,H1
635,7bej,1ahw,Abs,13_0_0_,H1
636,6xm2,1ahw,Abs,13_0_0_,H1
637,6hxw,1ahw,Abs,13_0_0_,H1
638,4xmp,1ahw,Abs,13_0_0_,H1
639,6b08,1ahw,Abs,13_0_0_,H1
640,1osp,1ahw,Abs,13_0_0_,H1
641,2arj,1ahw,Abs,13_0_0_,H1
642,6ewb,1ahw,Abs,13_0_0_,H1
643,5jq6,1ahw,Abs,13_0_0_,H1
644,6bit,1ahw,Abs,13_0_0_,H1
645,2dqg,1ahw,Abs,13_0_0_,H1
646,4ij3,1ahw,Abs,13_0_0_,H1
647,6xkr,1ahw,Abs,13_0_0_,H1
648,3bt2,1ahw,Abs,13_0_0_,H1
649,7nx3,1ahw,Abs,13_0_0_,H1
650,3b9k,1ahw,Abs,13_0_0_,H1
651,7cho,1ahw,Abs,13_0_0_,H1
652,2eks,1ahw,Abs,13_0_0_,H1
653,3iu3,1ahw,Abs,13_0_0_,H1
654,6mtn,1ahw,Abs,13_0_0_,H1
655,3a6b,1ahw,Abs,13_0_0_,H1
656,5d96,1ahw,Abs,13_0_0_,H1
657,6dfi,1ahw,Abs,13_0_0_,H1
658,6o3b,1ahw,Abs,13_0_0_,H1
659,6i8s,1ahw,Abs,13_0_0_,H1
660,6wix,1ahw,Abs,13_0_0_,H1
661,6u3i,1ahw,Abs,13_0_0_,H1
662,5ucb,1ahw,Abs,13_0_0_,H1
663,6j6y,1ahw,Abs,13_0_0_,H1
664,5tih,1ahw,Abs,13_0_0_,H1
665,6j11,1ahw,Abs,13_0_0_,H1
666,5v7j,1ahw,Abs,13_0_0_,H1
667,7kf1,1ahw,Abs,13_0_0_,H1
668,4k3j,1ahw,Abs,13_0_0_,H1
669,6azz,1ahw,Abs,13_0_0_,H1
670,4qnp,1ahw,Abs,13_0_0_,H1
671,1fbi,1ahw,Abs,13_0_0_,H1
672,4tsa,1ahw,Abs,13_0_0_,H1
673,3wkm,1ahw,Abs,13_0_0_,H1
674,6pi7,1ahw,Abs,13_0_0_,H1
675,5tud,1ahw,Abs,13_0_0_,H1
676,4zso,1ahw,Abs,13_0_0_,H1
677,4krp,1ahw,Abs,13_0_0_,H1
678,7bz5,1ahw,Abs,13_0_0_,H1
679,3a67,1ahw,Abs,13_0_0_,H1
680,6iut,1ahw,Abs,13_0_0_,H1
681,6svl,1ahw,Abs,13_0_0_,H1
682,1pkq,1ahw,Abs,13_0_0_,H1
683,4xvu,1ahw,Abs,13_0_0_,H1
684,7pi7,1ahw,Abs,13_0_0_,H1
685,6mfp,1ahw,Abs,13_0_0_,H1
686,5bk1,1ahw,Abs,13_0_0_,H1
687,4rgn,1ahw,Abs,13_0_0_,H1
688,7neg,1ahw,Abs,13_0_0_,H1
689,7kmh,1ahw,Abs,13_0_0_,H1
690,7msq,1ahw,Abs,13_0_0_,H1
691,7s13,1ahw,Abs,13_0_0_,H1
692,7chp,1ahw,Abs,13_0_0_,H1
693,3u9p,1ahw,Abs,13_0_0_,H1
694,7cjf,1ahw,Abs,13_0_0_,H1
695,4kht,1ahw,Abs,13_0_0_,H1
696,4etq,1ahw,Abs,13_0_0_,H1
697,7cdi,1ahw,Abs,13_0_0_,H1
698,3jwd,1ahw,Abs,13_0_0_,H1
699,4xny,1ahw,Abs,13_0_0_,H1
700,5th9,1ahw,Abs,13_0_0_,H1
701,6s3d,1ahw,Abs,13_0_0_,H1
702,1yqv,1ahw,Abs,13_0_0_,H1
703,4lmq,1ahw,Abs,13_0_0_,H1
704,1fdl,1ahw,Abs,13_0_0_,H1
705,1uac,1ahw,Abs,13_0_0_,H1
706,1lk3,1ahw,Abs,13_0_0_,H1
707,5anm,1ahw,Abs,13_0_0_,H1
708,1rjl,1ahw,Abs,13_0_0_,H1
709,1vfb,1ahw,Abs,13_0_0_,H1
710,6bfs,1ahw,Abs,13_0_0_,H1
711,7mzf,1ahw,Abs,13_0_0_,H1
712,1iqd,1ahw,Abs,13_0_0_,H1
713,5en2,1ahw,Abs,13_0_0_,H1
714,4ffy,1ahw,Abs,13_0_0_,H1
715,6vzi,1ahw,Abs,13_0_0_,H1
716,1g7i,1ahw,Abs,13_0_0_,H1
717,7a3q,1ahw,Abs,13_0_0_,H1
718,1j1o,1ahw,Abs,13_0_0_,H1
719,2q8a,1ahw,Abs,13_0_0_,H1
720,7jmp,1ahw,Abs,13_0_0_,H1
721,3a6c,1ahw,Abs,13_0_0_,H1
722,3dvn,1ahw,Abs,13_0_0_,H1
723,6mto,1ahw,Abs,13_0_0_,H1
724,7nx7,1ahw,Abs,13_0_0_,H1
725,7kn3,1ahw,Abs,13_0_0_,H1
726,6xxv,1ahw,Abs,13_0_0_,H1
727,7c61,1ahw,Abs,13_0_0_,H1
728,7pqy,1ahw,Abs,13_0_0_,H1
729,6lgw,1ahw,Abs,13_0_0_,H1
730,6o39,1ahw,Abs,13_0_0_,H1
731,6o9i,1ahw,Abs,13_0_0_,H1
732,6cxy,1ahw,Abs,13_0_0_,H1
733,7ps1,1ahw,Abs,13_0_0_,H1
734,7np1,1ahw,Abs,13_0_0_,H1
735,4kuc,1ahw,Abs,13_0_0_,H1
736,5occ,1ahw,Abs,13_0_0_,H1
737,1fsk,1ahw,Abs,13_0_0_,H1
738,7kn7,1ahw,Nbs,13_0_0_,H1
739,7kn5,1ahw,Nbs,13_0_0_,H1
740,7c8v,1ahw,Nbs,13_0_0_,H1
741,4kml,1ahw,Nbs,13_0_0_,H1
742,5lwf,1ahw,Nbs,13_0_0_,H1
743,6fyw,1ahw,Nbs,13_0_0_,H1
744,5sv3,1ahw,Nbs,13_0_0_,H1
745,5o0w,1ahw,Nbs,13_0_0_,H1
746,7lvw,1ahw,Nbs,13_0_0_,H1
747,4lgp,1ahw,Nbs,13_0_0_,H1
748,7kgk,1ahw,Nbs,13_0_0_,H1
749,6uc6,1ahw,Nbs,13_0_0_,H1
750,6ocd,1ahw,Nbs,13_0_0_,H1
751,3stb,1ahw,Nbs,13_0_0_,H1
752,7dv4,1ahw,Nbs,13_0_0_,H1
753,7nmu,1ahw,Nbs,13_0_0_,H1
754,4tvs,1ahw,Nbs,13_0_0_,H1
755,7dm1,7dm1,Abs,13_0_0_,H1
756,5vjo,7dm1,Abs,13_0_0_,H1
757,1ndg,7dm1,Abs,13_0_0_,H1
758,7cj2,7dm1,Abs,13_0_0_,H1
759,6ktr,7dm1,Abs,13_0_0_,H1
760,5gmq,7dm1,Abs,13_0_0_,H1
761,4kxz,7dm1,Abs,13_0_0_,H1
762,6was,7dm1,Abs,13_0_0_,H1
763,5vag,7dm1,Abs,13_0_0_,H1
764,6nz7,7dm1,Abs,13_0_0_,H1
765,6mhr,7dm1,Abs,13_0_0_,H1
766,5vjq,7dm1,Abs,13_0_0_,H1
767,6osv,7dm1,Abs,13_0_0_,H1
768,7beh,7dm1,Abs,13_0_0_,H1
769,7e3o,7dm1,Abs,13_0_0_,H1
770,6ppg,7dm1,Abs,13_0_0_,H1
771,6gku,7dm1,Abs,13_0_0_,H1
772,3uc0,7dm1,Abs,13_0_0_,H1
773,3i50,7dm1,Abs,13_0_0_,H1
774,6rlo,7dm1,Abs,13_0_0_,H1
775,7lr4,7dm1,Abs,13_0_0_,H1
776,4py8,7dm1,Abs,13_0_0_,H1
777,6bfq,7dm1,Abs,13_0_0_,H1
778,6xkp,7dm1,Abs,13_0_0_,H1
779,6t9d,7dm1,Abs,13_0_0_,H1
780,6ss4,7dm1,Abs,13_0_0_,H1
781,5imm,7dm1,Nbs,13_0_0_,H1
782,5o04,7dm1,Nbs,13_0_0_,H1
783,6z1v,7dm1,Nbs,13_0_0_,H1
784,7ar0,7dm1,Nbs,13_0_0_,H1
785,4eiz,7dm1,Nbs,13_0_0_,H1
786,6f2g,7dm1,Nbs,13_0_0_,H1
787,3g9a,7dm1,Nbs,13_0_0_,H1
788,5iml,7dm1,Nbs,13_0_0_,H1
789,6oyh,7dm1,Nbs,13_0_0_,H1
790,6qgw,7dm1,Nbs,13_0_0_,H1
791,4lhq,7dm1,Nbs,13_0_0_,H1
792,4hem,7dm1,Nbs,13_0_0_,H1
793,4qo1,7dm1,Nbs,13_0_0_,H1
794,6ey6,7dm1,Nbs,13_0_0_,H1
795,4nc0,7dm1,Nbs,13_0_0_,H1
796,6rnk,7dm1,Nbs,13_0_0_,H1
797,4nc1,7dm1,Nbs,13_0_0_,H1
798,3k80,7dm1,Nbs,13_0_0_,H1
799,7a17,7dm1,Nbs,13_0_0_,H1
800,7oay,7dm1,Nbs,13_0_0_,H1
801,3mac,3mac,Abs,13_0_0_,H1
802,6yla,3mac,Abs,13_0_0_,H1
803,1fj1,3mac,Abs,13_0_0_,H1
804,4jpv,3mac,Abs,13_0_0_,H1
805,6nnf,3mac,Abs,13_0_0_,H1
806,3ma9,3mac,Abs,13_0_0_,H1
807,4z5r,3mac,Abs,13_0_0_,H1
808,4jkp,3mac,Abs,13_0_0_,H1
809,6vy4,3mac,Abs,13_0_0_,H1
810,4lss,3mac,Abs,13_0_0_,H1
811,6z2m,3mac,Abs,13_0_0_,H1
812,4khx,3mac,Abs,13_0_0_,H1
813,3u7y,3mac,Abs,13_0_0_,H1
814,4rgm,3mac,Abs,13_0_0_,H1
815,5h35,3mac,Abs,13_0_0_,H1
816,7jtg,3mac,Abs,13_0_0_,H1
817,5tzt,5tzt,Abs,13_0_0_,H1
818,7n0u,5tzt,Abs,13_0_0_,H1
819,6s5a,5tzt,Abs,13_0_0_,H1
820,6wm9,5tzt,Abs,13_0_0_,H1
821,6a77,5tzt,Abs,13_0_0_,H1
822,4d3c,5tzt,Abs,13_0_0_,H1
823,3ks0,5tzt,Abs,13_0_0_,H1
824,1oaz,5tzt,Abs,13_0_0_,H1
825,4aei,5tzt,Abs,13_0_0_,H1
826,5e0q,5tzt,Nbs,13_0_0_,H1
827,7l6v,5tzt,Nbs,13_0_0_,H1
828,4s1q,4s1q,Abs,13_0_0_,H1
829,4lvh,4s1q,Abs,13_0_0_,H1
830,5ggt,4s1q,Abs,13_0_0_,H1
831,4lst,4s1q,Abs,13_0_0_,H1
832,6wo4,4s1q,Abs,13_0_0_,H1
833,4xvt,4s1q,Abs,13_0_0_,H1
834,3bgf,4s1q,Abs,13_0_0_,H1
835,4om0,4s1q,Abs,13_0_0_,H1
836,1p2c,4s1q,Abs,13_0_0_,H1
837,3nfp,4s1q,Abs,13_0_0_,H1
838,1mlc,4s1q,Abs,13_0_0_,H1
839,7m7w,7m7w,Abs,13_0_0_,H1
840,4wem,7m7w,Nbs,13_0_0_,H1
841,6jb2,7m7w,Nbs,13_0_0_,H1
842,4wen,7m7w,Nbs,13_0_0_,H1
843,7n0i,7m7w,Nbs,13_0_0_,H1
844,4dk6,7m7w,Nbs,13_0_0_,H1
845,6zcz,7m7w,Nbs,13_0_0_,H1
846,6lr7,7m7w,Nbs,13_0_0_,H1
847,7jn5,7jn5,Abs,13_0_0_,H1
848,6xc3,7jn5,Abs,13_0_0_,H1
849,6ir1,7jn5,Nbs,13_0_0_,H1
850,7jie,7jie,Abs,13_0_0_,H1
851,6cmg,7jie,Abs,13_0_0_,H1
852,5cba,7jie,Abs,13_0_0_,H1
853,6yio,7jie,Abs,13_0_0_,H1
854,5lhn,7jie,Nbs,13_0_0_,H1
855,5j57,7jie,Nbs,13_0_0_,H1
856,5ovw,7jie,Nbs,13_0_0_,H1
857,6u55,7jie,Nbs,13_0_0_,H1
858,6gs4,7jie,Nbs,13_0_0_,H1
859,5f1k,7jie,Nbs,13_0_0_,H1
860,6zrv,7jie,Nbs,13_0_0_,H1
861,6vc9,6vc9,Abs,13_0_0_,H1
862,6ieb,6vc9,Abs,13_0_0_,H1
863,4ywg,6vc9,Abs,13_0_0_,H1
864,7kmg,6vc9,Abs,13_0_0_,H1
865,3u30,6vc9,Abs,13_0_0_,H1
866,7coe,6vc9,Abs,13_0_0_,H1
867,4xak,6vc9,Abs,13_0_0_,H1
868,6iuv,6iuv,Abs,13_0_0_,H1
869,6phc,6phc,Abs,13_0_0_,H1
870,4yga,6phc,Nbs,13_0_0_,H1
871,6uft,6phc,Nbs,13_0_0_,H1
872,5ja8,6phc,Nbs,13_0_0_,H1
873,7q0g,7q0g,Abs,13_0_0_,H1
874,2yss,2yss,Abs,13_0_0_,H1
875,7m3i,2yss,Abs,13_0_0_,H1
876,1ic4,2yss,Abs,13_0_0_,H1
877,6n5e,6n5e,Abs,13_0_0_,H1
878,4rwy,4rwy,Abs,13_0_0_,H1
879,5kw9,4rwy,Abs,13_0_0_,H1
880,2cmr,4rwy,Abs,13_0_0_,H1
881,5fuc,4rwy,Nbs,13_0_0_,H1
882,4p2c,4rwy,Nbs,13_0_0_,H1
883,7mzg,7mzg,Abs,13_0_0_,H1
884,7chf,7mzg,Abs,13_0_0_,H1
885,7e86,7mzg,Abs,13_0_0_,H1
886,7chb,7mzg,Abs,13_0_0_,H1
887,7bei,7mzg,Abs,13_0_0_,H1
888,4laj,7mzg,Nbs,13_0_0_,H1
889,7kgj,7mzg,Nbs,13_0_0_,H1
890,6erx,6erx,Abs,13_0_0_,H1
891,6fxn,6erx,Abs,13_0_0_,H1
892,3nps,6erx,Abs,13_0_0_,H1
893,2dd8,6erx,Abs,13_0_0_,H1
894,6ba5,6ba5,Abs,13_0_0_,H1
895,7joo,7joo,Abs,13_0_0_,H1
896,6vvu,7joo,Abs,13_0_0_,H1
897,4dkf,4dkf,Abs,13_0_0_,H1
898,4ydl,4dkf,Abs,13_0_0_,H1
899,3q1s,4dkf,Abs,13_0_0_,H1
900,5mhr,5mhr,Abs,13_0_0_,H1
901,6cf2,5mhr,Abs,13_0_0_,H1
902,5czx,5mhr,Abs,13_0_0_,H1
903,2w9e,5mhr,Abs,13_0_0_,H1
904,1ri8,5mhr,Nbs,13_0_0_,H1
905,6h6y,5mhr,Nbs,13_0_0_,H1
906,5cbe,5cbe,Abs,13_0_0_,H1
907,6mlk,6mlk,Abs,13_0_0_,H1
908,4lsv,6mlk,Abs,13_0_0_,H1
909,6h15,6mlk,Nbs,13_0_0_,H1
910,6uym,6uym,Abs,13_0_0_,H1
911,4mwf,6uym,Abs,13_0_0_,H1
912,6h2y,6h2y,Abs,13_0_0_,H1
913,3w9e,6h2y,Abs,13_0_0_,H1
914,4j6r,4j6r,Abs,13_0_0_,H1
915,2xtj,2xtj,Abs,13_0_0_,H1
916,5fcu,5fcu,Abs,13_0_0_,H1
917,6kz0,5fcu,Abs,13_0_0_,H1
918,6app,5fcu,Nbs,13_0_0_,H1
919,6mei,6mei,Abs,13_0_0_,H1
920,7ce2,7ce2,Abs,13_0_0_,H1
921,4dn4,4dn4,Abs,13_0_0_,H1
922,6p3r,6p3r,Abs,13_0_0_,H1
923,4lsq,4lsq,Abs,13_0_0_,H1
924,4nnp,4nnp,Abs,13_0_0_,H1
925,6n5d,6n5d,Abs,13_0_0_,H1
926,4hj0,4hj0,Abs,13_0_0_,H1
927,6p4b,6p4b,Abs,13_0_0_,H1
928,4cdg,6p4b,Nbs,13_0_0_,H1
929,7djz,7djz,Abs,13_0_0_,H1
930,7k9z,7k9z,Abs,13_0_0_,H1
931,7c88,7c88,Abs,13_0_0_,H1
932,5ukr,5ukr,Abs,13_0_0_,H1
933,4ogx,4ogx,Abs,13_0_0_,H1
934,6xkq,6xkq,Abs,13_0_0_,H1
935,6qgy,6xkq,Nbs,13_0_0_,H1
936,4hlz,4hlz,Abs,13_0_0_,H1
937,4ki5,4ki5,Abs,13_0_0_,H1
938,6b20,4ki5,Nbs,13_0_0_,H1
939,2xra,2xra,Abs,13_0_0_,H1
940,5jhl,5jhl,Abs,13_0_0_,H1
941,5van,5van,Nbs,13_0_0_,H1
942,7qiv,7qiv,Nbs,13_0_0_,H1
943,5j1s,7qiv,Nbs,13_0_0_,H1
944,5o2u,7qiv,Nbs,13_0_0_,H1
945,4lgr,7qiv,Nbs,13_0_0_,H1
946,6fyt,7qiv,Nbs,13_0_0_,H1
947,7m1h,7m1h,Nbs,13_0_0_,H1
948,6ssi,7m1h,Nbs,13_0_0_,H1
949,6obg,7m1h,Nbs,13_0_0_,H1
950,6obe,7m1h,Nbs,13_0_0_,H1
951,6obo,7m1h,Nbs,13_0_0_,H1
952,6h71,7m1h,Nbs,13_0_0_,H1
953,4x7d,4x7d,Nbs,13_0_0_,H1
954,6i6j,4x7d,Nbs,13_0_0_,H1
955,6dbf,4x7d,Nbs,13_0_0_,H1
956,5o05,4x7d,Nbs,13_0_0_,H1
957,6u12,4x7d,Nbs,13_0_0_,H1
958,6h7j,4x7d,Nbs,13_0_0_,H1
959,4w2q,4x7d,Nbs,13_0_0_,H1
960,7bu7,4x7d,Nbs,13_0_0_,H1
961,4lde,4x7d,Nbs,13_0_0_,H1
962,6h7o,4x7d,Nbs,13_0_0_,H1
963,7ldj,4x7d,Nbs,13_0_0_,H1
964,7bu6,4x7d,Nbs,13_0_0_,H1
965,7lzp,7lzp,Nbs,13_0_0_,H1
966,6oq7,6oq7,Nbs,13_0_0_,H1
967,4xt1,4xt1,Nbs,13_0_0_,H1
968,4m3k,4xt1,Nbs,13_0_0_,H1
969,6do1,6do1,Nbs,13_0_0_,H1
970,4lhj,6do1,Nbs,13_0_0_,H1
971,6os0,6do1,Nbs,13_0_0_,H1
972,6gjq,6do1,Nbs,13_0_0_,H1
973,7nqa,6do1,Nbs,13_0_0_,H1
974,2p4a,6do1,Nbs,13_0_0_,H1
975,6gju,6do1,Nbs,13_0_0_,H1
976,3qsk,6do1,Nbs,13_0_0_,H1
977,6cwg,6cwg,Nbs,13_0_0_,H1
978,4x7f,4x7f,Nbs,13_0_0_,H1
979,6obc,4x7f,Nbs,13_0_0_,H1
980,1kxv,1kxv,Nbs,13_0_0_,H1
981,5g5x,5g5x,Nbs,13_0_0_,H1
982,7eow,5g5x,Nbs,13_0_0_,H1
983,7a6o,5g5x,Nbs,13_0_0_,H1
984,3k7u,3k7u,Nbs,13_0_0_,H1
985,5f93,3k7u,Nbs,13_0_0_,H1
986,5mp2,5mp2,Nbs,13_0_0_,H1
987,6h02,5mp2,Nbs,13_0_0_,H1
988,6qup,5mp2,Nbs,13_0_0_,H1
989,3ezj,5mp2,Nbs,13_0_0_,H1
990,7now,5mp2,Nbs,13_0_0_,H1
991,5m15,5mp2,Nbs,13_0_0_,H1
992,6h6z,5mp2,Nbs,13_0_0_,H1
993,5f7l,5mp2,Nbs,13_0_0_,H1
994,6yu8,5mp2,Nbs,13_0_0_,H1
995,6h16,5mp2,Nbs,13_0_0_,H1
996,1zvh,5mp2,Nbs,13_0_0_,H1
997,6h70,5mp2,Nbs,13_0_0_,H1
998,5m14,5mp2,Nbs,13_0_0_,H1
999,5m30,5mp2,Nbs,13_0_0_,H1
1000,7mfu,5mp2,Nbs,13_0_0_,H1
1001,6zg3,6zg3,Nbs,13_0_0_,H1
1002,5vxk,6zg3,Nbs,13_0_0_,H1
1003,6xw5,6xw5,Nbs,13_0_0_,H1
1004,6obm,6xw5,Nbs,13_0_0_,H1
1005,2xxm,2xxm,Nbs,13_0_0_,H1
1006,1mel,1mel,Nbs,13_0_0_,H1
1007,7anq,7anq,Nbs,13_0_0_,H1
1008,6f5g,7anq,Nbs,13_0_0_,H1
1009,5mwn,5mwn,Nbs,13_0_0_,H1
1010,7e53,7e53,Nbs,13_0_0_,H1
1011,4hep,4hep,Nbs,13_0_0_,H1
1012,4krp,4hep,Abs,13_0_0_,H1
1013,5mzv,5mzv,Nbs,13_0_0_,H1
1014,4grw,5mzv,Nbs,13_0_0_,H1
1015,5o03,5o03,Nbs,13_0_0_,H1
1016,6v7z,6v7z,Nbs,13_0_0_,H1
1017,6u54,6v7z,Nbs,13_0_0_,H1
1018,4krm,4krm,Nbs,13_0_0_,H1
1019,4krl,4krm,Nbs,13_0_0_,H1
1020,6rqm,6rqm,Nbs,13_0_0_,H1
1021,3rjq,6rqm,Nbs,13_0_0_,H1
1022,4i1n,6rqm,Nbs,13_0_0_,H1
1023,5vnw,6rqm,Nbs,13_0_0_,H1
1024,7kbk,7kbk,Nbs,13_0_0_,H1
1025,7kjh,7kjh,Nbs,13_0_0_,H1
1026,6xw4,6xw4,Nbs,13_0_0_,H1
1027,6ey0,6ey0,Nbs,13_0_0_,H1
1028,7oaq,6ey0,Nbs,13_0_0_,H1
1029,4w6x,4w6x,Nbs,13_0_0_,H1
1030,3zkx,3zkx,Nbs,13_0_0_,H1
1031,5f21,5f21,Nbs,13_0_0_,H1
1032,5bop,5bop,Nbs,13_0_0_,H1
1033,5jds,5bop,Nbs,13_0_0_,H1
1034,4kdt,4kdt,Nbs,13_0_0_,H1
1035,2x89,4kdt,Nbs,13_0_0_,H1
1036,7r98,7r98,Nbs,13_0_0_,H1
1037,6gjs,6gjs,Nbs,13_0_0_,H1
1038,4s10,4s10,Nbs,13_0_0_,H1
1039,4ocm,4ocm,Nbs,13_0_0_,H1
1040,4pou,4pou,Nbs,13_0_0_,H1
1041,2bse,2bse,Nbs,13_0_0_,H1
1042,6u51,6u51,Nbs,13_0_0_,H1
1043,5m2i,5m2i,Nbs,13_0_0_,H1
1044,6z2m,6z2m,Abs,13_0_0_,H1
1045,1zv5,1zv5,Nbs,13_0_0_,H1
1046,6i8g,6i8g,Nbs,13_0_0_,H1
1047,6sge,6sge,Nbs,13_0_0_,H1
1048,6hjy,6hjy,Nbs,13_0_0_,H1
1049,4w6w,4w6w,Nbs,13_0_0_,H1
1050,4z9k,4z9k,Nbs,13_0_0_,H1
1051,5mje,5mje,Nbs,13_0_0_,H1
1052,5ip4,5ip4,Nbs,13_0_0_,H1
1053,6qgx,6qgx,Nbs,13_0_0_,H1
1054,6x04,6x04,Nbs,13_0_0_,H1
1055,6o3c,6o3c,Nbs,13_0_0_,H1
1056,6c9w,6c9w,Nbs,13_0_0_,H1
1057,5my6,5my6,Nbs,13_0_0_,H1
1058,7vnb,7vnb,Nbs,13_0_0_,H1
1059,5hvh,5hvh,Nbs,13_0_0_,H1
1060,4lvn,4lvn,Abs,14_0_0_,H1
1061,1ors,4lvn,Abs,14_0_0_,H1
1062,5gzo,5gzo,Abs,14_0_0_,H1
1063,7shz,5gzo,Abs,14_0_0_,H1
1064,6q0e,5gzo,Abs,14_0_0_,H1
1065,5hys,5gzo,Abs,14_0_0_,H1
1066,4m5z,5gzo,Abs,14_0_0_,H1
1067,7shy,5gzo,Abs,14_0_0_,H1
1068,7shu,5gzo,Abs,14_0_0_,H1
1069,5vpl,5gzo,Abs,14_0_0_,H1
1070,4xnm,5gzo,Abs,14_0_0_,H1
1071,4hc1,5gzo,Abs,14_0_0_,H1
1072,6q0h,5gzo,Abs,14_0_0_,H1
1073,3rvw,5gzo,Abs,14_0_0_,H1
1074,4xnq,5gzo,Abs,14_0_0_,H1
1075,6n6b,5gzo,Abs,14_0_0_,H1
1076,5e94,5gzo,Abs,14_0_0_,H1
1077,7bwj,5gzo,Abs,14_0_0_,H1
1078,6k0y,5gzo,Abs,14_0_0_,H1
1079,4xrc,5gzo,Abs,14_0_0_,H1
1080,4i3r,4i3r,Abs,14_0_0_,H1
1081,3se9,4i3r,Abs,14_0_0_,H1
1082,6b0h,6b0h,Abs,14_0_0_,H1
1083,1nsn,1nsn,Abs,14_0_0_,H1
1084,1bgx,1bgx,Abs,14_0_0_,H1
1085,6q18,6q18,Abs,14_0_0_,H1
1086,5b71,5b71,Abs,14_0_0_,H1
1087,4gft,4gft,Nbs,14_0_0_,H1
1088,6x05,6x05,Nbs,14_0_0_,H1
1089,4ydj,4ydj,Abs,18_0_0_,H1
1090,6ml8,6ml8,Abs,18_0_0_,H1
1091,5m2m,5m2m,Nbs,18_0_0_,H1
1092,6oca,6oca,Nbs,18_0_0_,H1
1093,7kn4,7kn4,Abs,12_0_0_,H1
1094,2aep,2aep,Abs,12_0_0_,H1
1095,1nfd,2aep,Abs,12_0_0_,H1
1096,1v7m,2aep,Abs,12_0_0_,H1
1097,7kzb,2aep,Abs,12_0_0_,H1
1098,4y5y,4y5y,Abs,12_0_0_,H1
1099,4f15,4f15,Abs,12_0_0_,H1
1100,2r0l,2r0l,Abs,12_0_0_,H1
1101,7mdj,7mdj,Abs,12_0_0_,H1
1102,7kd2,7kd2,Nbs,12_0_0_,H1
1103,2p42,2p42,Nbs,12_0_0_,H1
1104,1rjc,1rjc,Nbs,12_0_0_,H1
1105,7kdu,7kdu,Nbs,12_0_0_,H1
1106,7o3b,7o3b,Nbs,12_0_0_,H1
1107,7nkt,7nkt,Nbs,12_0_0_,H1
1108,6j14,6j14,Abs,9_0_0_,H1
1109,4ogy,6j14,Abs,9_0_0_,H1
1110,6rty,6rty,Nbs,9_0_0_,H1
1111,5lhr,5lhr,Nbs,9_0_0_,H1
1112,6gk4,6gk4,Nbs,9_0_0_,H1
1113,7nx0,7nx0,Nbs,9_0_0_,H1
1114,6nnj,6nnj,Abs,22_0_0_,H1
1115,5b3j,5b3j,Abs,11_0_0_,H1
1116,6uyf,6uyf,Abs,11_0_0_,H1
1117,7rfb,7rfb,Abs,11_0_0_,H1
1118,4i0c,7rfb,Nbs,11_0_0_,H1
1119,6bkb,6bkb,Abs,11_0_0_,H1
1120,1kxt,1kxt,Nbs,11_0_0_,H1
1121,5c1m,5c1m,Nbs,11_0_0_,H1
1122,6jep,6jep,Abs,19_0_0_,H1
1123,6ui1,6ui1,Nbs,19_0_0_,H1
1124,6j15,6j15,Abs,7_0_0_,H1
1125,7azb,7azb,Nbs,7_0_0_,H1
1126,1op9,1op9,Nbs,10_0_0_,H1
1127,7k84,1op9,Nbs,10_0_0_,H1
1128,6fyu,1op9,Nbs,10_0_0_,H1
1129,1kxq,1op9,Nbs,10_0_0_,H1
1130,4y8d,1op9,Nbs,10_0_0_,H1
1131,7kdm,7kdm,Nbs,10_0_0_,H1
1132,4ios,4ios,Nbs,10_0_0_,H1
1133,5c2u,5c2u,Nbs,10_0_0_,H1
1134,5l21,5l21,Nbs,17_0_0_,H1
1135,3k3q,3k3q,Nbs,24_0_0_,H1
1136,5u4l,5u4l,Nbs,16_0_0_,H1
0,5k59,5k59,Abs,0_9_0_,H2
1,4lvn,5k59,Abs,0_9_0_,H2
2,5gzo,5k59,Abs,0_9_0_,H2
3,5vjo,5k59,Abs,0_9_0_,H2
4,6q0e,5k59,Abs,0_9_0_,H2
5,7l7r,5k59,Abs,0_9_0_,H2
6,7n0u,5k59,Abs,0_9_0_,H2
7,2vxq,5k59,Abs,0_9_0_,H2
8,5sx4,5k59,Abs,0_9_0_,H2
9,7n4j,5k59,Abs,0_9_0_,H2
10,6vc9,5k59,Abs,0_9_0_,H2
11,6b0h,5k59,Abs,0_9_0_,H2
12,7mrz,5k59,Abs,0_9_0_,H2
13,7ps0,5k59,Abs,0_9_0_,H2
14,5w6g,5k59,Abs,0_9_0_,H2
15,4m5z,5k59,Abs,0_9_0_,H2
16,6oc3,5k59,Abs,0_9_0_,H2
17,5dur,5k59,Abs,0_9_0_,H2
18,1ors,5k59,Abs,0_9_0_,H2
19,5ldn,5k59,Abs,0_9_0_,H2
20,6mlk,5k59,Abs,0_9_0_,H2
21,1oak,5k59,Abs,0_9_0_,H2
22,5vco,5k59,Abs,0_9_0_,H2
23,6mhr,5k59,Abs,0_9_0_,H2
24,5vjq,5k59,Abs,0_9_0_,H2
25,5vpl,5k59,Abs,0_9_0_,H2
26,5xwd,5k59,Abs,0_9_0_,H2
27,6phb,5k59,Abs,0_9_0_,H2
28,7bq5,5k59,Abs,0_9_0_,H2
29,6ieb,5k59,Abs,0_9_0_,H2
30,6e4x,5k59,Abs,0_9_0_,H2
31,1osp,5k59,Abs,0_9_0_,H2
32,5o1r,5k59,Abs,0_9_0_,H2
33,5jq6,5k59,Abs,0_9_0_,H2
34,6mei,5k59,Abs,0_9_0_,H2
35,4ij3,5k59,Abs,0_9_0_,H2
36,4xnm,5k59,Abs,0_9_0_,H2
37,4ywg,5k59,Abs,0_9_0_,H2
38,5d96,5k59,Abs,0_9_0_,H2
39,7ce2,5k59,Abs,0_9_0_,H2
40,6q0h,5k59,Abs,0_9_0_,H2
41,7m3i,5k59,Abs,0_9_0_,H2
42,4krp,5k59,Abs,0_9_0_,H2
43,3rvw,5k59,Abs,0_9_0_,H2
44,3b2u,5k59,Abs,0_9_0_,H2
45,4xnq,5k59,Abs,0_9_0_,H2
46,6n6b,5k59,Abs,0_9_0_,H2
47,7msq,5k59,Abs,0_9_0_,H2
48,7n3d,5k59,Abs,0_9_0_,H2
49,6pze,5k59,Abs,0_9_0_,H2
50,5e94,5k59,Abs,0_9_0_,H2
51,7e5o,5k59,Abs,0_9_0_,H2
52,7bwj,5k59,Abs,0_9_0_,H2
53,5kjr,5k59,Abs,0_9_0_,H2
54,7c88,5k59,Abs,0_9_0_,H2
55,5bv7,5k59,Abs,0_9_0_,H2
56,6k0y,5k59,Abs,0_9_0_,H2
57,5utz,5k59,Abs,0_9_0_,H2
58,3q1s,5k59,Abs,0_9_0_,H2
59,5nmv,5k59,Abs,0_9_0_,H2
60,4xrc,5k59,Abs,0_9_0_,H2
61,6bfq,5k59,Abs,0_9_0_,H2
62,3hi1,5k59,Abs,0_9_0_,H2
63,6a67,5k59,Abs,0_9_0_,H2
64,5ush,5k59,Abs,0_9_0_,H2
65,7m1h,5k59,Nbs,0_9_0_,H2
66,4wem,5k59,Nbs,0_9_0_,H2
67,1kxv,5k59,Nbs,0_9_0_,H2
68,6xw5,5k59,Nbs,0_9_0_,H2
69,6v7z,5k59,Nbs,0_9_0_,H2
70,6ssi,5k59,Nbs,0_9_0_,H2
71,4wen,5k59,Nbs,0_9_0_,H2
72,5f21,5k59,Nbs,0_9_0_,H2
73,6os0,5k59,Nbs,0_9_0_,H2
74,7l6v,5k59,Nbs,0_9_0_,H2
75,4nc2,5k59,Nbs,0_9_0_,H2
76,5f93,5k59,Nbs,0_9_0_,H2
77,6x07,5k59,Nbs,0_9_0_,H2
78,6h71,5k59,Nbs,0_9_0_,H2
79,6z6v,5k59,Nbs,0_9_0_,H2
80,1ri8,5k59,Nbs,0_9_0_,H2
81,3mj9,3mj9,Abs,0_9_0_,H2
82,7shz,3mj9,Abs,0_9_0_,H2
83,7s4s,3mj9,Abs,0_9_0_,H2
84,2dqf,3mj9,Abs,0_9_0_,H2
85,6osh,3mj9,Abs,0_9_0_,H2
86,1ua6,3mj9,Abs,0_9_0_,H2
87,4m1g,3mj9,Abs,0_9_0_,H2
88,1ndg,3mj9,Abs,0_9_0_,H2
89,6ck9,3mj9,Abs,0_9_0_,H2
90,5hys,3mj9,Abs,0_9_0_,H2
91,6lz9,3mj9,Abs,0_9_0_,H2
92,6xe1,3mj9,Abs,0_9_0_,H2
93,4liq,3mj9,Abs,0_9_0_,H2
94,2dqc,3mj9,Abs,0_9_0_,H2
95,7kyo,3mj9,Abs,0_9_0_,H2
96,6ion,3mj9,Abs,0_9_0_,H2
97,6muf,3mj9,Abs,0_9_0_,H2
98,5vcn,3mj9,Abs,0_9_0_,H2
99,7r8l,3mj9,Abs,0_9_0_,H2
100,7jmo,3mj9,Abs,0_9_0_,H2
101,6rps,3mj9,Abs,0_9_0_,H2
102,4zs7,3mj9,Abs,0_9_0_,H2
103,6pis,3mj9,Abs,0_9_0_,H2
104,1j1p,3mj9,Abs,0_9_0_,H2
105,4jlr,3mj9,Abs,0_9_0_,H2
106,4dw2,3mj9,Abs,0_9_0_,H2
107,7daa,3mj9,Abs,0_9_0_,H2
108,4u6v,3mj9,Abs,0_9_0_,H2
109,4edw,3mj9,Abs,0_9_0_,H2
110,4rwy,3mj9,Abs,0_9_0_,H2
111,1nsn,3mj9,Abs,0_9_0_,H2
112,4ttd,3mj9,Abs,0_9_0_,H2
113,6i9i,3mj9,Abs,0_9_0_,H2
114,3zkn,3mj9,Abs,0_9_0_,H2
115,7c01,3mj9,Abs,0_9_0_,H2
116,7shy,3mj9,Abs,0_9_0_,H2
117,1j1x,3mj9,Abs,0_9_0_,H2
118,3rkd,3mj9,Abs,0_9_0_,H2
119,6ba5,3mj9,Abs,0_9_0_,H2
120,6ywc,3mj9,Abs,0_9_0_,H2
121,1xgr,3mj9,Abs,0_9_0_,H2
122,1ic5,3mj9,Abs,0_9_0_,H2
123,5c0n,3mj9,Abs,0_9_0_,H2
124,7shu,3mj9,Abs,0_9_0_,H2
125,7kd6,3mj9,Abs,0_9_0_,H2
126,4f37,3mj9,Abs,0_9_0_,H2
127,1mhp,3mj9,Abs,0_9_0_,H2
128,3lev,3mj9,Abs,0_9_0_,H2
129,6osv,3mj9,Abs,0_9_0_,H2
130,4i77,3mj9,Abs,0_9_0_,H2
131,6xc7,3mj9,Abs,0_9_0_,H2
132,6xm2,3mj9,Abs,0_9_0_,H2
133,7kpg,3mj9,Abs,0_9_0_,H2
134,6k65,3mj9,Abs,0_9_0_,H2
135,7cm4,3mj9,Abs,0_9_0_,H2
136,4ye4,3mj9,Abs,0_9_0_,H2
137,2arj,3mj9,Abs,0_9_0_,H2
138,7e3o,3mj9,Abs,0_9_0_,H2
139,2dqg,3mj9,Abs,0_9_0_,H2
140,3l5w,3mj9,Abs,0_9_0_,H2
141,3b9k,3mj9,Abs,0_9_0_,H2
142,7cho,3mj9,Abs,0_9_0_,H2
143,2eks,3mj9,Abs,0_9_0_,H2
144,6mtn,3mj9,Abs,0_9_0_,H2
145,3a6b,3mj9,Abs,0_9_0_,H2
146,4hc1,3mj9,Abs,0_9_0_,H2
147,3ld8,3mj9,Abs,0_9_0_,H2
148,1jrh,3mj9,Abs,0_9_0_,H2
149,6wix,3mj9,Abs,0_9_0_,H2
150,4edx,3mj9,Abs,0_9_0_,H2
151,7kql,3mj9,Abs,0_9_0_,H2
152,4tsa,3mj9,Abs,0_9_0_,H2
153,7mmo,3mj9,Abs,0_9_0_,H2
154,7bz5,3mj9,Abs,0_9_0_,H2
155,3a67,3mj9,Abs,0_9_0_,H2
156,6vug,3mj9,Abs,0_9_0_,H2
157,6iut,3mj9,Abs,0_9_0_,H2
158,3ks0,3mj9,Abs,0_9_0_,H2
159,6hga,3mj9,Abs,0_9_0_,H2
160,6vvu,3mj9,Abs,0_9_0_,H2
161,7s13,3mj9,Abs,0_9_0_,H2
162,7chp,3mj9,Abs,0_9_0_,H2
163,3u9p,3mj9,Abs,0_9_0_,H2
164,3v6o,3mj9,Abs,0_9_0_,H2
165,7cjf,3mj9,Abs,0_9_0_,H2
166,1fe8,3mj9,Abs,0_9_0_,H2
167,6p4b,3mj9,Abs,0_9_0_,H2
168,6apb,3mj9,Abs,0_9_0_,H2
169,5th9,3mj9,Abs,0_9_0_,H2
170,4lmq,3mj9,Abs,0_9_0_,H2
171,1fdl,3mj9,Abs,0_9_0_,H2
172,7kfv,3mj9,Abs,0_9_0_,H2
173,1ic4,3mj9,Abs,0_9_0_,H2
174,1uac,3mj9,Abs,0_9_0_,H2
175,2j88,3mj9,Abs,0_9_0_,H2
176,2hmi,3mj9,Abs,0_9_0_,H2
177,7lf8,3mj9,Abs,0_9_0_,H2
178,4g6m,3mj9,Abs,0_9_0_,H2
179,1vfb,3mj9,Abs,0_9_0_,H2
180,7mzf,3mj9,Abs,0_9_0_,H2
181,6vzi,3mj9,Abs,0_9_0_,H2
182,1g7i,3mj9,Abs,0_9_0_,H2
183,3qwo,3mj9,Abs,0_9_0_,H2
184,1j1o,3mj9,Abs,0_9_0_,H2
185,7jmp,3mj9,Abs,0_9_0_,H2
186,3a6c,3mj9,Abs,0_9_0_,H2
187,5xku,3mj9,Abs,0_9_0_,H2
188,7chb,3mj9,Abs,0_9_0_,H2
189,6cxy,3mj9,Abs,0_9_0_,H2
190,6urm,3mj9,Abs,0_9_0_,H2
191,1n6q,3mj9,Abs,0_9_0_,H2
192,5hbt,3mj9,Abs,0_9_0_,H2
193,3l5y,3mj9,Abs,0_9_0_,H2
194,7lzp,3mj9,Nbs,0_9_0_,H2
195,6oq7,3mj9,Nbs,0_9_0_,H2
196,5j1s,3mj9,Nbs,0_9_0_,H2
197,6rty,3mj9,Nbs,0_9_0_,H2
198,7kd2,3mj9,Nbs,0_9_0_,H2
199,5g5x,3mj9,Nbs,0_9_0_,H2
200,5o05,3mj9,Nbs,0_9_0_,H2
201,7kn6,3mj9,Nbs,0_9_0_,H2
202,6app,3mj9,Nbs,0_9_0_,H2
203,3ezj,3mj9,Nbs,0_9_0_,H2
204,4eig,3mj9,Nbs,0_9_0_,H2
205,6oyh,3mj9,Nbs,0_9_0_,H2
206,4cdg,3mj9,Nbs,0_9_0_,H2
207,6x05,3mj9,Nbs,0_9_0_,H2
208,7olz,3mj9,Nbs,0_9_0_,H2
209,4lhj,3mj9,Nbs,0_9_0_,H2
210,6h7j,3mj9,Nbs,0_9_0_,H2
211,6u55,3mj9,Nbs,0_9_0_,H2
212,4lgr,3mj9,Nbs,0_9_0_,H2
213,4w2q,3mj9,Nbs,0_9_0_,H2
214,4orz,3mj9,Nbs,0_9_0_,H2
215,7o3b,3mj9,Nbs,0_9_0_,H2
216,7bu7,3mj9,Nbs,0_9_0_,H2
217,6obo,3mj9,Nbs,0_9_0_,H2
218,4p2c,3mj9,Nbs,0_9_0_,H2
219,6gju,3mj9,Nbs,0_9_0_,H2
220,6obm,3mj9,Nbs,0_9_0_,H2
221,6rnk,3mj9,Nbs,0_9_0_,H2
222,4lde,3mj9,Nbs,0_9_0_,H2
223,3cfi,3mj9,Nbs,0_9_0_,H2
224,7a17,3mj9,Nbs,0_9_0_,H2
225,6u54,3mj9,Nbs,0_9_0_,H2
226,6hhu,3mj9,Nbs,0_9_0_,H2
227,3stb,3mj9,Nbs,0_9_0_,H2
228,6h7o,3mj9,Nbs,0_9_0_,H2
229,6csy,3mj9,Nbs,0_9_0_,H2
230,5m30,3mj9,Nbs,0_9_0_,H2
231,7vnb,3mj9,Nbs,0_9_0_,H2
232,7bu6,3mj9,Nbs,0_9_0_,H2
233,4m3k,3mj9,Nbs,0_9_0_,H2
234,7b3o,7b3o,Abs,0_9_0_,H2
235,7chs,7b3o,Abs,0_9_0_,H2
236,7n3i,7b3o,Abs,0_9_0_,H2
237,2yss,7b3o,Abs,0_9_0_,H2
238,7kn4,7b3o,Abs,0_9_0_,H2
239,7e7y,7b3o,Abs,0_9_0_,H2
240,7kmi,7b3o,Abs,0_9_0_,H2
241,4tsb,7b3o,Abs,0_9_0_,H2
242,7mzg,7b3o,Abs,0_9_0_,H2
243,1ndm,7b3o,Abs,0_9_0_,H2
244,7o9s,7b3o,Abs,0_9_0_,H2
245,7bej,7b3o,Abs,0_9_0_,H2
246,7chf,7b3o,Abs,0_9_0_,H2
247,5v7j,7b3o,Abs,0_9_0_,H2
248,7e86,7b3o,Abs,0_9_0_,H2
249,7neg,7b3o,Abs,0_9_0_,H2
250,7kmh,7b3o,Abs,0_9_0_,H2
251,7cdi,7b3o,Abs,0_9_0_,H2
252,7nx7,7b3o,Abs,0_9_0_,H2
253,7pqy,7b3o,Abs,0_9_0_,H2
254,7bei,7b3o,Abs,0_9_0_,H2
255,7ps1,7b3o,Abs,0_9_0_,H2
256,7np1,7b3o,Abs,0_9_0_,H2
257,7kfx,7b3o,Abs,0_9_0_,H2
258,4xt1,7b3o,Nbs,0_9_0_,H2
259,6do1,7b3o,Nbs,0_9_0_,H2
260,7apj,7b3o,Nbs,0_9_0_,H2
261,5e7f,7b3o,Nbs,0_9_0_,H2
262,4x7f,7b3o,Nbs,0_9_0_,H2
263,1kxt,7b3o,Nbs,0_9_0_,H2
264,6gk4,7b3o,Nbs,0_9_0_,H2
265,6qup,7b3o,Nbs,0_9_0_,H2
266,6obc,7b3o,Nbs,0_9_0_,H2
267,3g9a,7b3o,Nbs,0_9_0_,H2
268,6b20,7b3o,Nbs,0_9_0_,H2
269,6xzu,7b3o,Nbs,0_9_0_,H2
270,6oq8,7b3o,Nbs,0_9_0_,H2
271,7o06,7b3o,Nbs,0_9_0_,H2
272,7azb,7b3o,Nbs,0_9_0_,H2
273,5f7l,7b3o,Nbs,0_9_0_,H2
274,5mje,7b3o,Nbs,0_9_0_,H2
275,6fyt,7b3o,Nbs,0_9_0_,H2
276,5omn,7b3o,Nbs,0_9_0_,H2
277,5gjs,5gjs,Abs,0_9_0_,H2
278,6dfj,5gjs,Abs,0_9_0_,H2
279,6dfi,5gjs,Abs,0_9_0_,H2
280,6q18,5gjs,Abs,0_9_0_,H2
281,3uc0,5gjs,Abs,0_9_0_,H2
282,1bgx,1bgx,Abs,0_9_0_,H2
283,7s11,7s11,Abs,0_9_0_,H2
284,4y5y,4y5y,Abs,0_9_0_,H2
285,7qnx,7qnx,Abs,0_9_0_,H2
286,6nmt,6nmt,Abs,0_9_0_,H2
287,4x7d,6nmt,Nbs,0_9_0_,H2
288,6obg,6nmt,Nbs,0_9_0_,H2
289,6iea,6iea,Abs,0_9_0_,H2
290,7kn3,7kn3,Abs,0_9_0_,H2
291,7bel,7kn3,Abs,0_9_0_,H2
292,5o04,5o04,Nbs,0_9_0_,H2
293,7nqa,5o04,Nbs,0_9_0_,H2
294,6u51,5o04,Nbs,0_9_0_,H2
295,6ocd,5o04,Nbs,0_9_0_,H2
296,7dv4,5o04,Nbs,0_9_0_,H2
297,5my6,5o04,Nbs,0_9_0_,H2
298,5mwn,5mwn,Nbs,0_9_0_,H2
299,2p42,2p42,Nbs,0_9_0_,H2
300,5o2u,5o2u,Nbs,0_9_0_,H2
301,6obe,5o2u,Nbs,0_9_0_,H2
302,6gjq,6gjq,Nbs,0_9_0_,H2
303,4w6w,6gjq,Nbs,0_9_0_,H2
304,5vnw,5vnw,Nbs,0_9_0_,H2
305,6o3c,6o3c,Nbs,0_9_0_,H2
306,5do2,5do2,Abs,0_10_0_,H2
307,5ggv,5do2,Abs,0_10_0_,H2
308,4uta,5do2,Abs,0_10_0_,H2
309,6xpx,5do2,Abs,0_10_0_,H2
310,3nh7,5do2,Abs,0_10_0_,H2
311,6wtu,5do2,Abs,0_10_0_,H2
312,7lcv,5do2,Abs,0_10_0_,H2
313,3so3,5do2,Abs,0_10_0_,H2
314,6vy6,5do2,Abs,0_10_0_,H2
315,3s37,5do2,Abs,0_10_0_,H2
316,6cyf,5do2,Abs,0_10_0_,H2
317,7cj2,5do2,Abs,0_10_0_,H2
318,2ybr,5do2,Abs,0_10_0_,H2
319,4uv7,5do2,Abs,0_10_0_,H2
320,6pzf,5do2,Abs,0_10_0_,H2
321,4g6j,5do2,Abs,0_10_0_,H2
322,5tlk,5do2,Abs,0_10_0_,H2
323,1h0d,5do2,Abs,0_10_0_,H2
324,4lu5,5do2,Abs,0_10_0_,H2
325,6ktr,5do2,Abs,0_10_0_,H2
326,7dk2,5do2,Abs,0_10_0_,H2
327,6hhc,5do2,Abs,0_10_0_,H2
328,4lou,5do2,Abs,0_10_0_,H2
329,6nmv,5do2,Abs,0_10_0_,H2
330,6b0a,5do2,Abs,0_10_0_,H2
331,7chc,5do2,Abs,0_10_0_,H2
332,4uu9,5do2,Abs,0_10_0_,H2
333,6hx4,5do2,Abs,0_10_0_,H2
334,4o9h,5do2,Abs,0_10_0_,H2
335,7f7e,5do2,Abs,0_10_0_,H2
336,5d71,5do2,Abs,0_10_0_,H2
337,6was,5do2,Abs,0_10_0_,H2
338,7dc8,5do2,Abs,0_10_0_,H2
339,7duo,5do2,Abs,0_10_0_,H2
340,4y5v,5do2,Abs,0_10_0_,H2
341,6nz7,5do2,Abs,0_10_0_,H2
342,7q0i,5do2,Abs,0_10_0_,H2
343,7ly3,5do2,Abs,0_10_0_,H2
344,4xph,5do2,Abs,0_10_0_,H2
345,7joo,5do2,Abs,0_10_0_,H2
346,6bpc,5do2,Abs,0_10_0_,H2
347,6ute,5do2,Abs,0_10_0_,H2
348,2r56,5do2,Abs,0_10_0_,H2
349,5vyf,5do2,Abs,0_10_0_,H2
350,6icc,5do2,Abs,0_10_0_,H2
351,6cf2,5do2,Abs,0_10_0_,H2
352,6wgl,5do2,Abs,0_10_0_,H2
353,7mzk,5do2,Abs,0_10_0_,H2
354,7ps2,5do2,Abs,0_10_0_,H2
355,7cvt,5do2,Abs,0_10_0_,H2
356,6nms,5do2,Abs,0_10_0_,H2
357,4qci,5do2,Abs,0_10_0_,H2
358,6e62,5do2,Abs,0_10_0_,H2
359,4lqf,5do2,Abs,0_10_0_,H2
360,6kyz,5do2,Abs,0_10_0_,H2
361,5f3h,5do2,Abs,0_10_0_,H2
362,6ppg,5do2,Abs,0_10_0_,H2
363,5b3j,5do2,Abs,0_10_0_,H2
364,7lr3,5do2,Abs,0_10_0_,H2
365,6b0s,5do2,Abs,0_10_0_,H2
366,6m58,5do2,Abs,0_10_0_,H2
367,7kq7,5do2,Abs,0_10_0_,H2
368,5mes,5do2,Abs,0_10_0_,H2
369,7ceb,5do2,Abs,0_10_0_,H2
370,3skj,5do2,Abs,0_10_0_,H2
371,6wir,5do2,Abs,0_10_0_,H2
372,5x8m,5do2,Abs,0_10_0_,H2
373,6e56,5do2,Abs,0_10_0_,H2
374,6gku,5do2,Abs,0_10_0_,H2
375,6j6y,5do2,Abs,0_10_0_,H2
376,7s0b,5do2,Abs,0_10_0_,H2
377,7pr0,5do2,Abs,0_10_0_,H2
378,5veb,5do2,Abs,0_10_0_,H2
379,5wi9,5do2,Abs,0_10_0_,H2
380,6glw,5do2,Abs,0_10_0_,H2
381,7kpb,5do2,Abs,0_10_0_,H2
382,7cqc,5do2,Abs,0_10_0_,H2
383,5yoy,5do2,Abs,0_10_0_,H2
384,7qnw,5do2,Abs,0_10_0_,H2
385,5w4l,5do2,Abs,0_10_0_,H2
386,5yy5,5do2,Abs,0_10_0_,H2
387,6o1f,5do2,Abs,0_10_0_,H2
388,6dkj,5do2,Abs,0_10_0_,H2
389,3liz,5do2,Abs,0_10_0_,H2
390,6q20,5do2,Abs,0_10_0_,H2
391,6rlo,5do2,Abs,0_10_0_,H2
392,7e9b,5do2,Abs,0_10_0_,H2
393,7dha,5do2,Abs,0_10_0_,H2
394,5wt9,5do2,Abs,0_10_0_,H2
395,7cr5,5do2,Abs,0_10_0_,H2
396,3ejz,5do2,Abs,0_10_0_,H2
397,7rks,5do2,Abs,0_10_0_,H2
398,4aei,5do2,Abs,0_10_0_,H2
399,5tzu,5do2,Abs,0_10_0_,H2
400,4kk9,5do2,Abs,0_10_0_,H2
401,7sem,5do2,Abs,0_10_0_,H2
402,4zpt,5do2,Abs,0_10_0_,H2
403,4py8,5do2,Abs,0_10_0_,H2
404,6al0,5do2,Abs,0_10_0_,H2
405,2vh5,5do2,Abs,0_10_0_,H2
406,7lsf,5do2,Abs,0_10_0_,H2
407,6ml8,5do2,Abs,0_10_0_,H2
408,4ydk,5do2,Abs,0_10_0_,H2
409,7vux,5do2,Abs,0_10_0_,H2
410,7rah,5do2,Abs,0_10_0_,H2
411,6o9h,5do2,Abs,0_10_0_,H2
412,2nyy,5do2,Abs,0_10_0_,H2
413,3kr3,5do2,Abs,0_10_0_,H2
414,6plk,5do2,Abs,0_10_0_,H2
415,5y2l,5do2,Abs,0_10_0_,H2
416,6jjp,5do2,Abs,0_10_0_,H2
417,6woz,5do2,Abs,0_10_0_,H2
418,6bf4,5do2,Abs,0_10_0_,H2
419,7ket,5do2,Abs,0_10_0_,H2
420,6umx,5do2,Abs,0_10_0_,H2
421,7kqg,5do2,Abs,0_10_0_,H2
422,2vxs,5do2,Abs,0_10_0_,H2
423,6r8x,5do2,Abs,0_10_0_,H2
424,6rp8,5do2,Abs,0_10_0_,H2
425,3bn9,5do2,Abs,0_10_0_,H2
426,6e63,5do2,Abs,0_10_0_,H2
427,6ye3,5do2,Abs,0_10_0_,H2
428,6xkp,5do2,Abs,0_10_0_,H2
429,1ar1,5do2,Abs,0_10_0_,H2
430,6t9d,5do2,Abs,0_10_0_,H2
431,6yax,5do2,Abs,0_10_0_,H2
432,6ss4,5do2,Abs,0_10_0_,H2
433,5d70,5do2,Abs,0_10_0_,H2
434,5van,5do2,Nbs,0_10_0_,H2
435,7qiv,5do2,Nbs,0_10_0_,H2
436,6sc6,5do2,Nbs,0_10_0_,H2
437,5imm,5do2,Nbs,0_10_0_,H2
438,7aqx,5do2,Nbs,0_10_0_,H2
439,5m2j,5do2,Nbs,0_10_0_,H2
440,5o02,5do2,Nbs,0_10_0_,H2
441,7kdm,5do2,Nbs,0_10_0_,H2
442,3k7u,5do2,Nbs,0_10_0_,H2
443,7k84,5do2,Nbs,0_10_0_,H2
444,6xw7,5do2,Nbs,0_10_0_,H2
445,6ze1,5do2,Nbs,0_10_0_,H2
446,7eow,5do2,Nbs,0_10_0_,H2
447,4kml,5do2,Nbs,0_10_0_,H2
448,6z1v,5do2,Nbs,0_10_0_,H2
449,5lhr,5do2,Nbs,0_10_0_,H2
450,7aqy,5do2,Nbs,0_10_0_,H2
451,5o03,5do2,Nbs,0_10_0_,H2
452,7ar0,5do2,Nbs,0_10_0_,H2
453,7d5u,5do2,Nbs,0_10_0_,H2
454,5jmo,5do2,Nbs,0_10_0_,H2
455,6fyu,5do2,Nbs,0_10_0_,H2
456,4krm,5do2,Nbs,0_10_0_,H2
457,7t5f,5do2,Nbs,0_10_0_,H2
458,6rvc,5do2,Nbs,0_10_0_,H2
459,4eiz,5do2,Nbs,0_10_0_,H2
460,7now,5do2,Nbs,0_10_0_,H2
461,4gft,5do2,Nbs,0_10_0_,H2
462,4kfz,5do2,Nbs,0_10_0_,H2
463,6f2g,5do2,Nbs,0_10_0_,H2
464,3k74,5do2,Nbs,0_10_0_,H2
465,5iml,5do2,Nbs,0_10_0_,H2
466,5c1m,5do2,Nbs,0_10_0_,H2
467,7a6o,5do2,Nbs,0_10_0_,H2
468,7cz0,5do2,Nbs,0_10_0_,H2
469,6qgw,5do2,Nbs,0_10_0_,H2
470,4bel,5do2,Nbs,0_10_0_,H2
471,4weu,5do2,Nbs,0_10_0_,H2
472,6uft,5do2,Nbs,0_10_0_,H2
473,5j57,5do2,Nbs,0_10_0_,H2
474,6ir2,5do2,Nbs,0_10_0_,H2
475,4lhq,5do2,Nbs,0_10_0_,H2
476,5y7z,5do2,Nbs,0_10_0_,H2
477,6fe4,5do2,Nbs,0_10_0_,H2
478,5bop,5do2,Nbs,0_10_0_,H2
479,4hem,5do2,Nbs,0_10_0_,H2
480,6vbg,5do2,Nbs,0_10_0_,H2
481,5n88,5do2,Nbs,0_10_0_,H2
482,5ovw,5do2,Nbs,0_10_0_,H2
483,5ja8,5do2,Nbs,0_10_0_,H2
484,5f1o,5do2,Nbs,0_10_0_,H2
485,6fv0,5do2,Nbs,0_10_0_,H2
486,7na9,5do2,Nbs,0_10_0_,H2
487,7r98,5do2,Nbs,0_10_0_,H2
488,4nby,5do2,Nbs,0_10_0_,H2
489,6z20,5do2,Nbs,0_10_0_,H2
490,6tej,5do2,Nbs,0_10_0_,H2
491,4s10,5do2,Nbs,0_10_0_,H2
492,7nfq,5do2,Nbs,0_10_0_,H2
493,5e1h,5do2,Nbs,0_10_0_,H2
494,7n0r,5do2,Nbs,0_10_0_,H2
495,5dmj,5do2,Nbs,0_10_0_,H2
496,6uc6,5do2,Nbs,0_10_0_,H2
497,4dk6,5do2,Nbs,0_10_0_,H2
498,5hgg,5do2,Nbs,0_10_0_,H2
499,6waq,5do2,Nbs,0_10_0_,H2
500,6ey6,5do2,Nbs,0_10_0_,H2
501,4nc0,5do2,Nbs,0_10_0_,H2
502,5ja9,5do2,Nbs,0_10_0_,H2
503,4lgs,5do2,Nbs,0_10_0_,H2
504,4nc1,5do2,Nbs,0_10_0_,H2
505,3k80,5do2,Nbs,0_10_0_,H2
506,2vyr,5do2,Nbs,0_10_0_,H2
507,4fhb,5do2,Nbs,0_10_0_,H2
508,7nfr,5do2,Nbs,0_10_0_,H2
509,7czd,5do2,Nbs,0_10_0_,H2
510,6qgx,5do2,Nbs,0_10_0_,H2
511,5vxm,5do2,Nbs,0_10_0_,H2
512,6lz2,5do2,Nbs,0_10_0_,H2
513,5usf,5do2,Nbs,0_10_0_,H2
514,4n1h,5do2,Nbs,0_10_0_,H2
515,6gkd,5do2,Nbs,0_10_0_,H2
516,4krl,5do2,Nbs,0_10_0_,H2
517,5vxk,5do2,Nbs,0_10_0_,H2
518,7b27,5do2,Nbs,0_10_0_,H2
519,7oay,5do2,Nbs,0_10_0_,H2
520,4tvs,5do2,Nbs,0_10_0_,H2
521,7r6w,7r6w,Abs,0_10_0_,H2
522,1ahw,7r6w,Abs,0_10_0_,H2
523,6wzm,7r6w,Abs,0_10_0_,H2
524,3mac,7r6w,Abs,0_10_0_,H2
525,4hkx,7r6w,Abs,0_10_0_,H2
526,3bdy,7r6w,Abs,0_10_0_,H2
527,6xsw,7r6w,Abs,0_10_0_,H2
528,5tzt,7r6w,Abs,0_10_0_,H2
529,5ikc,7r6w,Abs,0_10_0_,H2
530,3wih,7r6w,Abs,0_10_0_,H2
531,1n8z,7r6w,Abs,0_10_0_,H2
532,6mg7,7r6w,Abs,0_10_0_,H2
533,4s1q,7r6w,Abs,0_10_0_,H2
534,7m7w,7r6w,Abs,0_10_0_,H2
535,6vmj,7r6w,Abs,0_10_0_,H2
536,2xqb,7r6w,Abs,0_10_0_,H2
537,7jn5,7r6w,Abs,0_10_0_,H2
538,7jie,7r6w,Abs,0_10_0_,H2
539,6u36,7r6w,Abs,0_10_0_,H2
540,5f9o,7r6w,Abs,0_10_0_,H2
541,6u6u,7r6w,Abs,0_10_0_,H2
542,6a3w,7r6w,Abs,0_10_0_,H2
543,4ydj,7r6w,Abs,0_10_0_,H2
544,1yjd,7r6w,Abs,0_10_0_,H2
545,3be1,7r6w,Abs,0_10_0_,H2
546,6z2l,7r6w,Abs,0_10_0_,H2
547,3qa3,7r6w,Abs,0_10_0_,H2
548,7lm8,7r6w,Abs,0_10_0_,H2
549,6bft,7r6w,Abs,0_10_0_,H2
550,7r6x,7r6w,Abs,0_10_0_,H2
551,3se8,7r6w,Abs,0_10_0_,H2
552,4yx2,7r6w,Abs,0_10_0_,H2
553,6iap,7r6w,Abs,0_10_0_,H2
554,1tpx,7r6w,Abs,0_10_0_,H2
555,4d9r,7r6w,Abs,0_10_0_,H2
556,6nm6,7r6w,Abs,0_10_0_,H2
557,5wk3,7r6w,Abs,0_10_0_,H2
558,4yqx,7r6w,Abs,0_10_0_,H2
559,6u9s,7r6w,Abs,0_10_0_,H2
560,4gms,7r6w,Abs,0_10_0_,H2
561,7orb,7r6w,Abs,0_10_0_,H2
562,6iuv,7r6w,Abs,0_10_0_,H2
563,6hf1,7r6w,Abs,0_10_0_,H2
564,4cmh,7r6w,Abs,0_10_0_,H2
565,6yla,7r6w,Abs,0_10_0_,H2
566,5i9q,7r6w,Abs,0_10_0_,H2
567,1bj1,7r6w,Abs,0_10_0_,H2
568,5w06,7r6w,Abs,0_10_0_,H2
569,6c6z,7r6w,Abs,0_10_0_,H2
570,6okm,7r6w,Abs,0_10_0_,H2
571,6bpa,7r6w,Abs,0_10_0_,H2
572,4m8q,7r6w,Abs,0_10_0_,H2
573,3s35,7r6w,Abs,0_10_0_,H2
574,4jb9,7r6w,Abs,0_10_0_,H2
575,4i3r,7r6w,Abs,0_10_0_,H2
576,1cz8,7r6w,Abs,0_10_0_,H2
577,3sob,7r6w,Abs,0_10_0_,H2
578,6p50,7r6w,Abs,0_10_0_,H2
579,6mi2,7r6w,Abs,0_10_0_,H2
580,3o2d,7r6w,Abs,0_10_0_,H2
581,4al8,7r6w,Abs,0_10_0_,H2
582,5xmh,7r6w,Abs,0_10_0_,H2
583,6aq7,7r6w,Abs,0_10_0_,H2
584,6bck,7r6w,Abs,0_10_0_,H2
585,4kxz,7r6w,Abs,0_10_0_,H2
586,4yue,7r6w,Abs,0_10_0_,H2
587,4z7n,7r6w,Abs,0_10_0_,H2
588,1uj3,7r6w,Abs,0_10_0_,H2
589,4rrp,7r6w,Abs,0_10_0_,H2
590,6ddm,7r6w,Abs,0_10_0_,H2
591,7eam,7r6w,Abs,0_10_0_,H2
592,5kan,7r6w,Abs,0_10_0_,H2
593,2ypv,7r6w,Abs,0_10_0_,H2
594,4dgi,7r6w,Abs,0_10_0_,H2
595,6al5,7r6w,Abs,0_10_0_,H2
596,5nuz,7r6w,Abs,0_10_0_,H2
597,6j14,7r6w,Abs,0_10_0_,H2
598,4plj,7r6w,Abs,0_10_0_,H2
599,6a0z,7r6w,Abs,0_10_0_,H2
600,5fb8,7r6w,Abs,0_10_0_,H2
601,5cba,7r6w,Abs,0_10_0_,H2
602,7lm9,7r6w,Abs,0_10_0_,H2
603,2adf,7r6w,Abs,0_10_0_,H2
604,5vag,7r6w,Abs,0_10_0_,H2
605,7seg,7r6w,Abs,0_10_0_,H2
606,4bz1,7r6w,Abs,0_10_0_,H2
607,1jps,7r6w,Abs,0_10_0_,H2
608,7dr4,7r6w,Abs,0_10_0_,H2
609,3lh2,7r6w,Abs,0_10_0_,H2
610,6pxh,7r6w,Abs,0_10_0_,H2
611,7ahu,7r6w,Abs,0_10_0_,H2
612,2jel,7r6w,Abs,0_10_0_,H2
613,4r8w,7r6w,Abs,0_10_0_,H2
614,5kvg,7r6w,Abs,0_10_0_,H2
615,5ggs,7r6w,Abs,0_10_0_,H2
616,5tz2,7r6w,Abs,0_10_0_,H2
617,7mzh,7r6w,Abs,0_10_0_,H2
618,7chy,7r6w,Abs,0_10_0_,H2
619,5bo1,7r6w,Abs,0_10_0_,H2
620,7e72,7r6w,Abs,0_10_0_,H2
621,5lqb,7r6w,Abs,0_10_0_,H2
622,4h88,7r6w,Abs,0_10_0_,H2
623,2xqy,7r6w,Abs,0_10_0_,H2
624,7lop,7r6w,Abs,0_10_0_,H2
625,4okv,7r6w,Abs,0_10_0_,H2
626,4jpv,7r6w,Abs,0_10_0_,H2
627,6fax,7r6w,Abs,0_10_0_,H2
628,5hdq,7r6w,Abs,0_10_0_,H2
629,5te4,7r6w,Abs,0_10_0_,H2
630,6wmw,7r6w,Abs,0_10_0_,H2
631,1jhl,7r6w,Abs,0_10_0_,H2
632,2r29,7r6w,Abs,0_10_0_,H2
633,5ies,7r6w,Abs,0_10_0_,H2
634,4f3f,7r6w,Abs,0_10_0_,H2
635,3r1g,7r6w,Abs,0_10_0_,H2
636,7qu1,7r6w,Abs,0_10_0_,H2
637,5l0q,7r6w,Abs,0_10_0_,H2
638,4ag4,7r6w,Abs,0_10_0_,H2
639,6vgr,7r6w,Abs,0_10_0_,H2
640,4l5f,7r6w,Abs,0_10_0_,H2
641,6xcj,7r6w,Abs,0_10_0_,H2
642,4j6r,7r6w,Abs,0_10_0_,H2
643,5te6,7r6w,Abs,0_10_0_,H2
644,6nnj,7r6w,Abs,0_10_0_,H2
645,2vdm,7r6w,Abs,0_10_0_,H2
646,5d8j,7r6w,Abs,0_10_0_,H2
647,6hxw,7r6w,Abs,0_10_0_,H2
648,6b08,7r6w,Abs,0_10_0_,H2
649,6aod,7r6w,Abs,0_10_0_,H2
650,1nca,7r6w,Abs,0_10_0_,H2
651,5kw9,7r6w,Abs,0_10_0_,H2
652,7beh,7r6w,Abs,0_10_0_,H2
653,4k2u,7r6w,Abs,0_10_0_,H2
654,5n7w,7r6w,Abs,0_10_0_,H2
655,5otj,7r6w,Abs,0_10_0_,H2
656,6oz2,7r6w,Abs,0_10_0_,H2
657,6vel,7r6w,Abs,0_10_0_,H2
658,6bit,7r6w,Abs,0_10_0_,H2
659,7tn0,7r6w,Abs,0_10_0_,H2
660,1egj,7r6w,Abs,0_10_0_,H2
661,4jzj,7r6w,Abs,0_10_0_,H2
662,3ma9,7r6w,Abs,0_10_0_,H2
663,3o0r,7r6w,Abs,0_10_0_,H2
664,6xkr,7r6w,Abs,0_10_0_,H2
665,7nx3,7r6w,Abs,0_10_0_,H2
666,4fqj,7r6w,Abs,0_10_0_,H2
667,4ffv,7r6w,Abs,0_10_0_,H2
668,3d85,7r6w,Abs,0_10_0_,H2
669,6jbt,7r6w,Abs,0_10_0_,H2
670,4hwb,7r6w,Abs,0_10_0_,H2
671,4m62,7r6w,Abs,0_10_0_,H2
672,7n3c,7r6w,Abs,0_10_0_,H2
673,5lsp,7r6w,Abs,0_10_0_,H2
674,3g04,7r6w,Abs,0_10_0_,H2
675,3iu3,7r6w,Abs,0_10_0_,H2
676,2zch,7r6w,Abs,0_10_0_,H2
677,7bbj,7r6w,Abs,0_10_0_,H2
678,4k9e,7r6w,Abs,0_10_0_,H2
679,5dfv,7r6w,Abs,0_10_0_,H2
680,6mft,7r6w,Abs,0_10_0_,H2
681,5k9q,7r6w,Abs,0_10_0_,H2
682,6b0g,7r6w,Abs,0_10_0_,H2
683,7kf0,7r6w,Abs,0_10_0_,H2
684,5l6y,7r6w,Abs,0_10_0_,H2
685,6mej,7r6w,Abs,0_10_0_,H2
686,3se9,7r6w,Abs,0_10_0_,H2
687,6xc3,7r6w,Abs,0_10_0_,H2
688,7a3u,7r6w,Abs,0_10_0_,H2
689,4irz,7r6w,Abs,0_10_0_,H2
690,7lfa,7r6w,Abs,0_10_0_,H2
691,6i8s,7r6w,Abs,0_10_0_,H2
692,6jep,7r6w,Abs,0_10_0_,H2
693,6u3i,7r6w,Abs,0_10_0_,H2
694,3p0y,7r6w,Abs,0_10_0_,H2
695,5w5z,7r6w,Abs,0_10_0_,H2
696,5nh3,7r6w,Abs,0_10_0_,H2
697,5tih,7r6w,Abs,0_10_0_,H2
698,4lss,7r6w,Abs,0_10_0_,H2
699,6j11,7r6w,Abs,0_10_0_,H2
700,6uyf,7r6w,Abs,0_10_0_,H2
701,7kmg,7r6w,Abs,0_10_0_,H2
702,2cmr,7r6w,Abs,0_10_0_,H2
703,6wh9,7r6w,Abs,0_10_0_,H2
704,4k3j,7r6w,Abs,0_10_0_,H2
705,6azz,7r6w,Abs,0_10_0_,H2
706,6ddv,7r6w,Abs,0_10_0_,H2
707,2oz4,7r6w,Abs,0_10_0_,H2
708,4oii,7r6w,Abs,0_10_0_,H2
709,2nr6,7r6w,Abs,0_10_0_,H2
710,6wzl,7r6w,Abs,0_10_0_,H2
711,4hcr,7r6w,Abs,0_10_0_,H2
712,3wkm,7r6w,Abs,0_10_0_,H2
713,5tud,7r6w,Abs,0_10_0_,H2
714,7ean,7r6w,Abs,0_10_0_,H2
715,3t2n,7r6w,Abs,0_10_0_,H2
716,4zso,7r6w,Abs,0_10_0_,H2
717,3hmx,7r6w,Abs,0_10_0_,H2
718,5w0d,7r6w,Abs,0_10_0_,H2
719,7kez,7r6w,Abs,0_10_0_,H2
720,4ht1,7r6w,Abs,0_10_0_,H2
721,4f2m,7r6w,Abs,0_10_0_,H2
722,4lsq,7r6w,Abs,0_10_0_,H2
723,3eoa,7r6w,Abs,0_10_0_,H2
724,6svl,7r6w,Abs,0_10_0_,H2
725,3vg9,7r6w,Abs,0_10_0_,H2
726,5w5x,7r6w,Abs,0_10_0_,H2
727,5ngv,7r6w,Abs,0_10_0_,H2
728,7lfb,7r6w,Abs,0_10_0_,H2
729,4jpk,7r6w,Abs,0_10_0_,H2
730,1oaz,7r6w,Abs,0_10_0_,H2
731,3u30,7r6w,Abs,0_10_0_,H2
732,1pkq,7r6w,Abs,0_10_0_,H2
733,7l0n,7r6w,Abs,0_10_0_,H2
734,3x3f,7r6w,Abs,0_10_0_,H2
735,4ydl,7r6w,Abs,0_10_0_,H2
736,1ztx,7r6w,Abs,0_10_0_,H2
737,7pi7,7r6w,Abs,0_10_0_,H2
738,6mtq,7r6w,Abs,0_10_0_,H2
739,1sy6,7r6w,Abs,0_10_0_,H2
740,6z2m,7r6w,Abs,0_10_0_,H2
741,6j5f,7r6w,Abs,0_10_0_,H2
742,7bep,7r6w,Abs,0_10_0_,H2
743,6o3a,7r6w,Abs,0_10_0_,H2
744,4rgn,7r6w,Abs,0_10_0_,H2
745,4i2x,7r6w,Abs,0_10_0_,H2
746,6wzk,7r6w,Abs,0_10_0_,H2
747,5usi,7r6w,Abs,0_10_0_,H2
748,6flb,7r6w,Abs,0_10_0_,H2
749,7coe,7r6w,Abs,0_10_0_,H2
750,5x2o,7r6w,Abs,0_10_0_,H2
751,7a3o,7r6w,Abs,0_10_0_,H2
752,7lr4,7r6w,Abs,0_10_0_,H2
753,4cad,7r6w,Abs,0_10_0_,H2
754,3nps,7r6w,Abs,0_10_0_,H2
755,7n4i,7r6w,Abs,0_10_0_,H2
756,4khx,7r6w,Abs,0_10_0_,H2
757,5f9w,7r6w,Abs,0_10_0_,H2
758,5o4g,7r6w,Abs,0_10_0_,H2
759,4kht,7r6w,Abs,0_10_0_,H2
760,6ohg,7r6w,Abs,0_10_0_,H2
761,7rfb,7r6w,Abs,0_10_0_,H2
762,4etq,7r6w,Abs,0_10_0_,H2
763,5czx,7r6w,Abs,0_10_0_,H2
764,4ot1,7r6w,Abs,0_10_0_,H2
765,7k9z,7r6w,Abs,0_10_0_,H2
766,2xwt,7r6w,Abs,0_10_0_,H2
767,7b0b,7r6w,Abs,0_10_0_,H2
768,1yqv,7r6w,Abs,0_10_0_,H2
769,1ob1,7r6w,Abs,0_10_0_,H2
770,1kb5,7r6w,Abs,0_10_0_,H2
771,5jxe,7r6w,Abs,0_10_0_,H2
772,4lsu,7r6w,Abs,0_10_0_,H2
773,4jpw,7r6w,Abs,0_10_0_,H2
774,7or9,7r6w,Abs,0_10_0_,H2
775,4rgm,7r6w,Abs,0_10_0_,H2
776,6h3t,7r6w,Abs,0_10_0_,H2
777,5o14,7r6w,Abs,0_10_0_,H2
778,4k94,7r6w,Abs,0_10_0_,H2
779,4rdq,7r6w,Abs,0_10_0_,H2
780,5f96,7r6w,Abs,0_10_0_,H2
781,4np4,7r6w,Abs,0_10_0_,H2
782,6wit,7r6w,Abs,0_10_0_,H2
783,6d2p,7r6w,Abs,0_10_0_,H2
784,7phu,7r6w,Abs,0_10_0_,H2
785,5mo9,7r6w,Abs,0_10_0_,H2
786,5xxy,7r6w,Abs,0_10_0_,H2
787,1lk3,7r6w,Abs,0_10_0_,H2
788,1nmc,7r6w,Abs,0_10_0_,H2
789,5anm,7r6w,Abs,0_10_0_,H2
790,7lja,7r6w,Abs,0_10_0_,H2
791,4kv5,7r6w,Abs,0_10_0_,H2
792,1rjl,7r6w,Abs,0_10_0_,H2
793,5ugy,7r6w,Abs,0_10_0_,H2
794,6xkq,7r6w,Abs,0_10_0_,H2
795,6bfs,7r6w,Abs,0_10_0_,H2
796,7ps6,7r6w,Abs,0_10_0_,H2
797,1iqd,7r6w,Abs,0_10_0_,H2
798,5a3i,7r6w,Abs,0_10_0_,H2
799,3lhp,7r6w,Abs,0_10_0_,H2
800,5kvf,7r6w,Abs,0_10_0_,H2
801,4ffy,7r6w,Abs,0_10_0_,H2
802,2w9e,7r6w,Abs,0_10_0_,H2
803,7a3q,7r6w,Abs,0_10_0_,H2
804,5mvz,7r6w,Abs,0_10_0_,H2
805,6nyq,7r6w,Abs,0_10_0_,H2
806,4ypg,7r6w,Abs,0_10_0_,H2
807,3mxw,7r6w,Abs,0_10_0_,H2
808,6yxd,7r6w,Abs,0_10_0_,H2
809,3l95,7r6w,Abs,0_10_0_,H2
810,1gc1,7r6w,Abs,0_10_0_,H2
811,2vxt,7r6w,Abs,0_10_0_,H2
812,2q8a,7r6w,Abs,0_10_0_,H2
813,5w08,7r6w,Abs,0_10_0_,H2
814,5wb9,7r6w,Abs,0_10_0_,H2
815,5wux,7r6w,Abs,0_10_0_,H2
816,3dvn,7r6w,Abs,0_10_0_,H2
817,7chz,7r6w,Abs,0_10_0_,H2
818,6mto,7r6w,Abs,0_10_0_,H2
819,2bdn,7r6w,Abs,0_10_0_,H2
820,6ogx,7r6w,Abs,0_10_0_,H2
821,6yio,7r6w,Abs,0_10_0_,H2
822,5kvd,7r6w,Abs,0_10_0_,H2
823,7c61,7r6w,Abs,0_10_0_,H2
824,2ny3,7r6w,Abs,0_10_0_,H2
825,4ala,7r6w,Abs,0_10_0_,H2
826,2dd8,7r6w,Abs,0_10_0_,H2
827,7jtg,7r6w,Abs,0_10_0_,H2
828,5jhl,7r6w,Abs,0_10_0_,H2
829,4kuc,7r6w,Abs,0_10_0_,H2
830,6ddr,7r6w,Abs,0_10_0_,H2
831,4xak,7r6w,Abs,0_10_0_,H2
832,5te7,7r6w,Abs,0_10_0_,H2
833,3vi3,7r6w,Abs,0_10_0_,H2
834,7ps4,7r6w,Abs,0_10_0_,H2
835,6lyn,7r6w,Abs,0_10_0_,H2
836,4leo,7r6w,Abs,0_10_0_,H2
837,6j15,7r6w,Abs,0_10_0_,H2
838,5vqm,7r6w,Abs,0_10_0_,H2
839,6tyb,7r6w,Abs,0_10_0_,H2
840,4jre,7r6w,Abs,0_10_0_,H2
841,1fsk,7r6w,Abs,0_10_0_,H2
842,7d8b,7r6w,Nbs,0_10_0_,H2
843,5mp2,7r6w,Nbs,0_10_0_,H2
844,7d6y,7r6w,Nbs,0_10_0_,H2
845,1mel,7r6w,Nbs,0_10_0_,H2
846,6h02,7r6w,Nbs,0_10_0_,H2
847,6jb2,7r6w,Nbs,0_10_0_,H2
848,3rjq,7r6w,Nbs,0_10_0_,H2
849,4i1n,7r6w,Nbs,0_10_0_,H2
850,3k3q,7r6w,Nbs,0_10_0_,H2
851,5fuc,7r6w,Nbs,0_10_0_,H2
852,4i0c,7r6w,Nbs,0_10_0_,H2
853,5m2m,7r6w,Nbs,0_10_0_,H2
854,4ios,7r6w,Nbs,0_10_0_,H2
855,6u12,7r6w,Nbs,0_10_0_,H2
856,1kxq,7r6w,Nbs,0_10_0_,H2
857,7nx0,7r6w,Nbs,0_10_0_,H2
858,4ocm,7r6w,Nbs,0_10_0_,H2
859,4y8d,7r6w,Nbs,0_10_0_,H2
860,6z2m,7r6w,Abs,0_10_0_,H2
861,6zcz,7r6w,Nbs,0_10_0_,H2
862,6lr7,7r6w,Nbs,0_10_0_,H2
863,6h6y,7r6w,Nbs,0_10_0_,H2
864,5w2b,5w2b,Abs,0_10_0_,H2
865,6lxj,5w2b,Abs,0_10_0_,H2
866,4zfg,5w2b,Abs,0_10_0_,H2
867,3k2u,5w2b,Abs,0_10_0_,H2
868,1tzh,5w2b,Abs,0_10_0_,H2
869,7mf1,5w2b,Abs,0_10_0_,H2
870,6cmg,5w2b,Abs,0_10_0_,H2
871,2wub,5w2b,Abs,0_10_0_,H2
872,5vkd,5w2b,Abs,0_10_0_,H2
873,5t5f,5w2b,Abs,0_10_0_,H2
874,4g7v,5w2b,Abs,0_10_0_,H2
875,5cbe,5w2b,Abs,0_10_0_,H2
876,6lxi,5w2b,Abs,0_10_0_,H2
877,6uym,5w2b,Abs,0_10_0_,H2
878,2qqk,5w2b,Abs,0_10_0_,H2
879,1wej,5w2b,Abs,0_10_0_,H2
880,6kz0,5w2b,Abs,0_10_0_,H2
881,6hig,5w2b,Abs,0_10_0_,H2
882,6o3b,5w2b,Abs,0_10_0_,H2
883,4bz2,5w2b,Abs,0_10_0_,H2
884,7kf1,5w2b,Abs,0_10_0_,H2
885,4mwf,5w2b,Abs,0_10_0_,H2
886,6cw2,5w2b,Abs,0_10_0_,H2
887,6pi7,5w2b,Abs,0_10_0_,H2
888,4dn4,5w2b,Abs,0_10_0_,H2
889,4d3c,5w2b,Abs,0_10_0_,H2
890,5b71,5w2b,Abs,0_10_0_,H2
891,4jqi,5w2b,Abs,0_10_0_,H2
892,3sqo,5w2b,Abs,0_10_0_,H2
893,3jwd,5w2b,Abs,0_10_0_,H2
894,3w9e,5w2b,Abs,0_10_0_,H2
895,4xwo,5w2b,Abs,0_10_0_,H2
896,3pgf,5w2b,Abs,0_10_0_,H2
897,4dke,5w2b,Abs,0_10_0_,H2
898,6cbv,5w2b,Abs,0_10_0_,H2
899,5eu7,5w2b,Abs,0_10_0_,H2
900,7klh,5w2b,Abs,0_10_0_,H2
901,4ki5,5w2b,Abs,0_10_0_,H2
902,7keo,5w2b,Abs,0_10_0_,H2
903,5eii,5w2b,Abs,0_10_0_,H2
904,3sdy,5w2b,Abs,0_10_0_,H2
905,6bkb,5w2b,Abs,0_10_0_,H2
906,1op9,5w2b,Nbs,0_10_0_,H2
907,4w6y,5w2b,Nbs,0_10_0_,H2
908,3p9w,5w2b,Nbs,0_10_0_,H2
909,1zvh,5w2b,Nbs,0_10_0_,H2
910,6c9w,5w2b,Nbs,0_10_0_,H2
911,7oau,5w2b,Nbs,0_10_0_,H2
912,6oor,6oor,Abs,0_10_0_,H2
913,7can,6oor,Nbs,0_10_0_,H2
914,6wo5,6wo5,Abs,0_10_0_,H2
915,6h2y,6wo5,Abs,0_10_0_,H2
916,5gmq,5gmq,Abs,0_10_0_,H2
917,6wo4,5gmq,Abs,0_10_0_,H2
918,6vy4,5gmq,Abs,0_10_0_,H2
919,3ngb,3ngb,Abs,0_10_0_,H2
920,7jkt,3ngb,Abs,0_10_0_,H2
921,5ggt,3ngb,Abs,0_10_0_,H2
922,4xvs,3ngb,Abs,0_10_0_,H2
923,1e6j,3ngb,Abs,0_10_0_,H2
924,4lst,3ngb,Abs,0_10_0_,H2
925,6nnf,3ngb,Abs,0_10_0_,H2
926,4lsv,3ngb,Abs,0_10_0_,H2
927,4xmp,3ngb,Abs,0_10_0_,H2
928,4xvt,3ngb,Abs,0_10_0_,H2
929,4jkp,3ngb,Abs,0_10_0_,H2
930,1fbi,3ngb,Abs,0_10_0_,H2
931,3bgf,3ngb,Abs,0_10_0_,H2
932,4om0,3ngb,Abs,0_10_0_,H2
933,6mfp,3ngb,Abs,0_10_0_,H2
934,7djz,3ngb,Abs,0_10_0_,H2
935,4xny,3ngb,Abs,0_10_0_,H2
936,3u7y,3ngb,Abs,0_10_0_,H2
937,5en2,3ngb,Abs,0_10_0_,H2
938,1p2c,3ngb,Abs,0_10_0_,H2
939,3nfp,3ngb,Abs,0_10_0_,H2
940,1mlc,3ngb,Abs,0_10_0_,H2
941,6lgw,3ngb,Abs,0_10_0_,H2
942,6o9i,3ngb,Abs,0_10_0_,H2
943,6phc,6phc,Abs,0_10_0_,H2
944,5mi0,6phc,Abs,0_10_0_,H2
945,6s5a,6phc,Abs,0_10_0_,H2
946,7d85,6phc,Abs,0_10_0_,H2
947,5c3l,6phc,Nbs,0_10_0_,H2
948,6zg3,6phc,Nbs,0_10_0_,H2
949,7e53,6phc,Nbs,0_10_0_,H2
950,5nbl,6phc,Nbs,0_10_0_,H2
951,5lhn,6phc,Nbs,0_10_0_,H2
952,5sv3,6phc,Nbs,0_10_0_,H2
953,6oq6,6phc,Nbs,0_10_0_,H2
954,6h16,6phc,Nbs,0_10_0_,H2
955,5m2i,6phc,Nbs,0_10_0_,H2
956,4qo1,6phc,Nbs,0_10_0_,H2
957,3qsk,6phc,Nbs,0_10_0_,H2
958,7ldj,6phc,Nbs,0_10_0_,H2
959,7nkt,6phc,Nbs,0_10_0_,H2
960,7q0g,7q0g,Abs,0_10_0_,H2
961,4lvh,7q0g,Abs,0_10_0_,H2
962,6n5e,6n5e,Abs,0_10_0_,H2
963,3hi6,3hi6,Abs,0_10_0_,H2
964,1fj1,3hi6,Abs,0_10_0_,H2
965,6i6j,3hi6,Nbs,0_10_0_,H2
966,2xxm,3hi6,Nbs,0_10_0_,H2
967,6wm9,6wm9,Abs,0_10_0_,H2
968,6xzw,6wm9,Abs,0_10_0_,H2
969,6a77,6wm9,Abs,0_10_0_,H2
970,4dtg,6wm9,Abs,0_10_0_,H2
971,6p3r,6wm9,Abs,0_10_0_,H2
972,6n5d,6wm9,Abs,0_10_0_,H2
973,2qqn,6wm9,Abs,0_10_0_,H2
974,6xw4,6wm9,Nbs,0_10_0_,H2
975,6iek,6iek,Abs,0_10_0_,H2
976,4dkf,6iek,Abs,0_10_0_,H2
977,6o39,6iek,Abs,0_10_0_,H2
978,6gwp,6iek,Nbs,0_10_0_,H2
979,6i8g,6iek,Nbs,0_10_0_,H2
980,6nmu,6nmu,Abs,0_10_0_,H2
981,5usl,6nmu,Abs,0_10_0_,H2
982,7kd0,6nmu,Nbs,0_10_0_,H2
983,4lf3,4lf3,Abs,0_10_0_,H2
984,5xez,4lf3,Abs,0_10_0_,H2
985,6xxv,4lf3,Abs,0_10_0_,H2
986,7anq,4lf3,Nbs,0_10_0_,H2
987,4wv1,4wv1,Abs,0_10_0_,H2
988,3pnw,4wv1,Abs,0_10_0_,H2
989,4nnp,4wv1,Abs,0_10_0_,H2
990,4xvu,4wv1,Abs,0_10_0_,H2
991,5bk1,4wv1,Abs,0_10_0_,H2
992,5c2u,4wv1,Nbs,0_10_0_,H2
993,4y7m,4wv1,Nbs,0_10_0_,H2
994,5m14,4wv1,Nbs,0_10_0_,H2
995,6erx,6erx,Abs,0_10_0_,H2
996,6fxn,6erx,Abs,0_10_0_,H2
997,4hj0,6erx,Abs,0_10_0_,H2
998,2fjg,2fjg,Abs,0_10_0_,H2
999,4zff,2fjg,Abs,0_10_0_,H2
1000,6pe8,6pe8,Abs,0_10_0_,H2
1001,6ayz,6pe8,Abs,0_10_0_,H2
1002,5ucb,6pe8,Abs,0_10_0_,H2
1003,5h35,6pe8,Abs,0_10_0_,H2
1004,6n81,6pe8,Abs,0_10_0_,H2
1005,5vic,6pe8,Abs,0_10_0_,H2
1006,5occ,6pe8,Abs,0_10_0_,H2
1007,7d2z,6pe8,Nbs,0_10_0_,H2
1008,7c8v,6pe8,Nbs,0_10_0_,H2
1009,5lwf,6pe8,Nbs,0_10_0_,H2
1010,6uht,6pe8,Nbs,0_10_0_,H2
1011,6rqm,6pe8,Nbs,0_10_0_,H2
1012,4laj,6pe8,Nbs,0_10_0_,H2
1013,7kbk,6pe8,Nbs,0_10_0_,H2
1014,1rjc,6pe8,Nbs,0_10_0_,H2
1015,3zkx,6pe8,Nbs,0_10_0_,H2
1016,4krp,6pe8,Abs,0_10_0_,H2
1017,5m15,6pe8,Nbs,0_10_0_,H2
1018,5f1k,6pe8,Nbs,0_10_0_,H2
1019,5jds,6pe8,Nbs,0_10_0_,H2
1020,6h15,6pe8,Nbs,0_10_0_,H2
1021,7mfu,6pe8,Nbs,0_10_0_,H2
1022,4u3x,6pe8,Nbs,0_10_0_,H2
1023,5mhr,5mhr,Abs,0_10_0_,H2
1024,7dm2,7dm2,Abs,0_10_0_,H2
1025,2xtj,2xtj,Abs,0_10_0_,H2
1026,4z5r,2xtj,Abs,0_10_0_,H2
1027,5bk2,2xtj,Abs,0_10_0_,H2
1028,6s3d,2xtj,Abs,0_10_0_,H2
1029,2xra,2xtj,Abs,0_10_0_,H2
1030,2bse,2xtj,Nbs,0_10_0_,H2
1031,5fcu,5fcu,Abs,0_10_0_,H2
1032,5ob5,5fcu,Abs,0_10_0_,H2
1033,6dbf,5fcu,Nbs,0_10_0_,H2
1034,5mzv,5fcu,Nbs,0_10_0_,H2
1035,4grw,5fcu,Nbs,0_10_0_,H2
1036,6ewb,6ewb,Abs,0_10_0_,H2
1037,4qti,6ewb,Abs,0_10_0_,H2
1038,4qhu,4qhu,Abs,0_10_0_,H2
1039,3bt2,3bt2,Abs,0_10_0_,H2
1040,5vig,5vig,Abs,0_10_0_,H2
1041,6f5g,5vig,Nbs,0_10_0_,H2
1042,3h42,3h42,Abs,0_10_0_,H2
1043,7phw,3h42,Abs,0_10_0_,H2
1044,7aqz,3h42,Nbs,0_10_0_,H2
1045,4f15,4f15,Abs,0_10_0_,H2
1046,3grw,3grw,Abs,0_10_0_,H2
1047,5ukr,5ukr,Abs,0_10_0_,H2
1048,4ogx,4ogx,Abs,0_10_0_,H2
1049,4ogy,4ogx,Abs,0_10_0_,H2
1050,6p67,6p67,Abs,0_10_0_,H2
1051,2r0l,2r0l,Abs,0_10_0_,H2
1052,7mdj,7mdj,Abs,0_10_0_,H2
1053,7qny,7qny,Abs,0_10_0_,H2
1054,4w6x,7qny,Nbs,0_10_0_,H2
1055,6gs4,7qny,Nbs,0_10_0_,H2
1056,5bjz,5bjz,Abs,0_10_0_,H2
1057,6ss2,6ss2,Abs,0_10_0_,H2
1058,6v7y,6v7y,Nbs,0_10_0_,H2
1059,7kn7,7kn7,Nbs,0_10_0_,H2
1060,7kn5,7kn7,Nbs,0_10_0_,H2
1061,6fyw,7kn7,Nbs,0_10_0_,H2
1062,1zv5,7kn7,Nbs,0_10_0_,H2
1063,5e0q,5e0q,Nbs,0_10_0_,H2
1064,4hep,5e0q,Nbs,0_10_0_,H2
1065,7n0i,5e0q,Nbs,0_10_0_,H2
1066,6ir1,6ir1,Nbs,0_10_0_,H2
1067,7kjh,6ir1,Nbs,0_10_0_,H2
1068,4kdt,6ir1,Nbs,0_10_0_,H2
1069,2x89,6ir1,Nbs,0_10_0_,H2
1070,7oaq,6ir1,Nbs,0_10_0_,H2
1071,4yga,4yga,Nbs,0_10_0_,H2
1072,6ey0,6ey0,Nbs,0_10_0_,H2
1073,6zrv,6ey0,Nbs,0_10_0_,H2
1074,6xw6,6xw6,Nbs,0_10_0_,H2
1075,6qgy,6xw6,Nbs,0_10_0_,H2
1076,3ogo,6xw6,Nbs,0_10_0_,H2
1077,7lvw,7lvw,Nbs,0_10_0_,H2
1078,4lgp,4lgp,Nbs,0_10_0_,H2
1079,6h6z,6h6z,Nbs,0_10_0_,H2
1080,6h70,6h6z,Nbs,0_10_0_,H2
1081,6yu8,6yu8,Nbs,0_10_0_,H2
1082,4pou,4pou,Nbs,0_10_0_,H2
1083,5e5m,5e5m,Nbs,0_10_0_,H2
1084,2p4a,2p4a,Nbs,0_10_0_,H2
1085,5vxj,5vxj,Nbs,0_10_0_,H2
1086,6hjy,6hjy,Nbs,0_10_0_,H2
1087,7kgj,7kgj,Nbs,0_10_0_,H2
1088,7nmu,7nmu,Nbs,0_10_0_,H2
1089,7dm1,7dm1,Abs,0_12_0_,H2
1090,5d72,7dm1,Abs,0_12_0_,H2
1091,4g3y,7dm1,Abs,0_12_0_,H2
1092,4qww,7dm1,Abs,0_12_0_,H2
1093,4cni,7dm1,Abs,0_12_0_,H2
1094,6elu,7dm1,Abs,0_12_0_,H2
1095,5c7x,7dm1,Abs,0_12_0_,H2
1096,4qnp,7dm1,Abs,0_12_0_,H2
1097,3i50,7dm1,Abs,0_12_0_,H2
1098,7jx3,7dm1,Abs,0_12_0_,H2
1099,5x0t,7dm1,Abs,0_12_0_,H2
1100,7mzj,7dm1,Abs,0_12_0_,H2
1101,6whk,7dm1,Abs,0_12_0_,H2
1102,4hlz,7dm1,Abs,0_12_0_,H2
1103,7l7e,7dm1,Abs,0_12_0_,H2
1104,7qu2,7dm1,Abs,0_12_0_,H2
1105,2aep,2aep,Abs,0_12_0_,H2
1106,1nfd,2aep,Abs,0_12_0_,H2
1107,1v7m,2aep,Abs,0_12_0_,H2
1108,7kzb,2aep,Abs,0_12_0_,H2
1109,3lzf,3lzf,Abs,0_12_0_,H2
1110,6flc,6flc,Abs,0_12_0_,H2
1111,5tfw,6flc,Abs,0_12_0_,H2
1112,6cwg,6flc,Nbs,0_12_0_,H2
1113,5l21,5l21,Nbs,0_12_0_,H2
1114,6oca,6oca,Nbs,0_12_0_,H2
1115,5k9k,5k9k,Abs,0_11_0_,H2
1116,7o52,5k9k,Abs,0_11_0_,H2
1117,4j4p,5k9k,Abs,0_11_0_,H2
1118,6ztr,5k9k,Abs,0_11_0_,H2
1119,5uem,5uem,Abs,0_11_0_,H2
1120,6oy4,6oy4,Abs,0_11_0_,H2
1121,6r7t,6r7t,Nbs,0_11_0_,H2
1122,5vxl,6r7t,Nbs,0_11_0_,H2
1123,5u4l,5u4l,Nbs,0_11_0_,H2
1124,7kgk,7kgk,Nbs,0_11_0_,H2
1125,6sge,6sge,Nbs,0_11_0_,H2
1126,6nmr,6nmr,Abs,0_8_0_,H2
1127,6gjs,6nmr,Nbs,0_8_0_,H2
1128,7kdu,7kdu,Nbs,0_8_0_,H2
1129,4z9k,4z9k,Nbs,0_8_0_,H2
1130,5ip4,4z9k,Nbs,0_8_0_,H2
1131,5hvh,4z9k,Nbs,0_8_0_,H2
1132,6x04,6x04,Nbs,0_8_0_,H2
1133,3tje,3tje,Abs,0_14_0_,H2
1134,3thm,3tje,Abs,0_14_0_,H2
1135,5o0w,5o0w,Nbs,0_14_0_,H2
1136,6ui1,6ui1,Nbs,0_7_0_,H2
0,5k59,5k59,Abs,0_0_11_,H3
1,6u36,5k59,Abs,0_0_11_,H3
2,5sx4,5k59,Abs,0_0_11_,H3
3,4ffy,5k59,Abs,0_0_11_,H3
4,3k2u,3k2u,Abs,0_0_11_,H3
5,2xqy,3k2u,Abs,0_0_11_,H3
6,5ies,3k2u,Abs,0_0_11_,H3
7,3bt2,3k2u,Abs,0_0_11_,H3
8,6rp8,3k2u,Abs,0_0_11_,H3
9,7chs,7chs,Abs,0_0_11_,H3
10,7mzg,7chs,Abs,0_0_11_,H3
11,7chf,7chs,Abs,0_0_11_,H3
12,7e86,7chs,Abs,0_0_11_,H3
13,7chp,7chs,Abs,0_0_11_,H3
14,7cdi,7chs,Abs,0_0_11_,H3
15,7ps1,7chs,Abs,0_0_11_,H3
16,6pzf,6pzf,Abs,0_0_11_,H3
17,4g6j,6pzf,Abs,0_0_11_,H3
18,4g3y,6pzf,Abs,0_0_11_,H3
19,6phb,6pzf,Abs,0_0_11_,H3
20,3v6o,6pzf,Abs,0_0_11_,H3
21,2vxs,6pzf,Abs,0_0_11_,H3
22,4gms,4gms,Abs,0_0_11_,H3
23,7q0g,7q0g,Abs,0_0_11_,H3
24,7mrz,7mrz,Abs,0_0_11_,H3
25,2adf,7mrz,Abs,0_0_11_,H3
26,6mej,7mrz,Abs,0_0_11_,H3
27,7mmo,7mrz,Abs,0_0_11_,H3
28,3sqo,7mrz,Abs,0_0_11_,H3
29,4jre,7mrz,Abs,0_0_11_,H3
30,4dw2,4dw2,Abs,0_0_11_,H3
31,4o9h,4o9h,Abs,0_0_11_,H3
32,4tsb,4tsb,Abs,0_0_11_,H3
33,4ttd,4tsb,Abs,0_0_11_,H3
34,1ors,4tsb,Abs,0_0_11_,H3
35,4y5v,4tsb,Abs,0_0_11_,H3
36,4cni,4tsb,Abs,0_0_11_,H3
37,1jhl,4tsb,Abs,0_0_11_,H3
38,4y5y,4tsb,Abs,0_0_11_,H3
39,5veb,4tsb,Abs,0_0_11_,H3
40,4tsa,4tsb,Abs,0_0_11_,H3
41,6n6b,4tsb,Abs,0_0_11_,H3
42,7neg,4tsb,Abs,0_0_11_,H3
43,6yxd,4tsb,Abs,0_0_11_,H3
44,1ar1,4tsb,Abs,0_0_11_,H3
45,6i9i,6i9i,Abs,0_0_11_,H3
46,6pxh,6pxh,Abs,0_0_11_,H3
47,4dkf,6pxh,Abs,0_0_11_,H3
48,2jel,2jel,Abs,0_0_11_,H3
49,5w5x,2jel,Abs,0_0_11_,H3
50,5ldn,5ldn,Abs,0_0_11_,H3
51,5w5z,5ldn,Abs,0_0_11_,H3
52,6bpc,6bpc,Abs,0_0_11_,H3
53,7bej,6bpc,Abs,0_0_11_,H3
54,7kpg,6bpc,Abs,0_0_11_,H3
55,4hwb,6bpc,Abs,0_0_11_,H3
56,5tzu,6bpc,Abs,0_0_11_,H3
57,6d2p,6bpc,Abs,0_0_11_,H3
58,7mzf,6bpc,Abs,0_0_11_,H3
59,2dd8,6bpc,Abs,0_0_11_,H3
60,6lyn,6bpc,Abs,0_0_11_,H3
61,6xc7,6xc7,Abs,0_0_11_,H3
62,5usf,6xc7,Nbs,0_0_11_,H3
63,2arj,2arj,Abs,0_0_11_,H3
64,3b9k,2arj,Abs,0_0_11_,H3
65,6xw5,2arj,Nbs,0_0_11_,H3
66,4hc1,4hc1,Abs,0_0_11_,H3
67,6vy4,6vy4,Abs,0_0_11_,H3
68,6j6y,6j6y,Abs,0_0_11_,H3
69,3ks0,3ks0,Abs,0_0_11_,H3
70,1pkq,1pkq,Abs,0_0_11_,H3
71,6hga,6hga,Abs,0_0_11_,H3
72,5xxy,5xxy,Abs,0_0_11_,H3
73,5mvz,5xxy,Abs,0_0_11_,H3
74,6o9h,6o9h,Abs,0_0_11_,H3
75,5wux,5wux,Abs,0_0_11_,H3
76,2nyy,2nyy,Abs,0_0_11_,H3
77,7pqy,7pqy,Abs,0_0_11_,H3
78,7bei,7bei,Abs,0_0_11_,H3
79,3vi3,3vi3,Abs,0_0_11_,H3
80,1fsk,1fsk,Abs,0_0_11_,H3
81,5g5x,5g5x,Nbs,0_0_11_,H3
82,7kd0,7kd0,Nbs,0_0_11_,H3
83,6gk4,6gk4,Nbs,0_0_11_,H3
84,6qup,6qup,Nbs,0_0_11_,H3
85,6app,6app,Nbs,0_0_11_,H3
86,7t5f,7t5f,Nbs,0_0_11_,H3
87,4eig,4eig,Nbs,0_0_11_,H3
88,5f21,5f21,Nbs,0_0_11_,H3
89,6u55,6u55,Nbs,0_0_11_,H3
90,7l6v,7l6v,Nbs,0_0_11_,H3
91,3cfi,3cfi,Nbs,0_0_11_,H3
92,5do2,5do2,Abs,0_0_9_,H3
93,3s37,5do2,Abs,0_0_9_,H3
94,6hf1,5do2,Abs,0_0_9_,H3
95,6aq7,5do2,Abs,0_0_9_,H3
96,6pe8,5do2,Abs,0_0_9_,H3
97,5f3h,5do2,Abs,0_0_9_,H3
98,6vel,5do2,Abs,0_0_9_,H3
99,7pi7,5do2,Abs,0_0_9_,H3
100,4zpt,5do2,Abs,0_0_9_,H3
101,5mo9,5do2,Abs,0_0_9_,H3
102,7lja,5do2,Abs,0_0_9_,H3
103,6t9d,5do2,Abs,0_0_9_,H3
104,6xpx,6xpx,Abs,0_0_9_,H3
105,7daa,6xpx,Abs,0_0_9_,H3
106,5kvg,6xpx,Abs,0_0_9_,H3
107,7bz5,6xpx,Abs,0_0_9_,H3
108,7e9b,6xpx,Abs,0_0_9_,H3
109,1fe8,6xpx,Abs,0_0_9_,H3
110,4rdq,6xpx,Abs,0_0_9_,H3
111,1p2c,6xpx,Abs,0_0_9_,H3
112,1mlc,6xpx,Abs,0_0_9_,H3
113,4ki5,6xpx,Abs,0_0_9_,H3
114,6osh,6osh,Abs,0_0_9_,H3
115,6a3w,6osh,Abs,0_0_9_,H3
116,6mi2,6osh,Abs,0_0_9_,H3
117,4ag4,6osh,Abs,0_0_9_,H3
118,4d3c,6osh,Abs,0_0_9_,H3
119,6xzw,6xzw,Abs,0_0_9_,H3
120,5bo1,5bo1,Abs,0_0_9_,H3
121,3nfp,5bo1,Abs,0_0_9_,H3
122,2r29,2r29,Abs,0_0_9_,H3
123,6ewb,6ewb,Abs,0_0_9_,H3
124,2nr6,2nr6,Abs,0_0_9_,H3
125,4f15,4f15,Abs,0_0_9_,H3
126,7kmh,7kmh,Abs,0_0_9_,H3
127,1v7m,1v7m,Abs,0_0_9_,H3
128,1yqv,1yqv,Abs,0_0_9_,H3
129,2j88,2j88,Abs,0_0_9_,H3
130,2w9e,2j88,Abs,0_0_9_,H3
131,5my6,2j88,Nbs,0_0_9_,H3
132,4ypg,4ypg,Abs,0_0_9_,H3
133,6bfq,6bfq,Abs,0_0_9_,H3
134,5o04,5o04,Nbs,0_0_9_,H3
135,5vxl,5o04,Nbs,0_0_9_,H3
136,7can,7can,Nbs,0_0_9_,H3
137,5dmj,5dmj,Nbs,0_0_9_,H3
138,7r6w,7r6w,Abs,0_0_21_,H3
139,7jie,7jie,Abs,0_0_21_,H3
140,6bck,6bck,Abs,0_0_21_,H3
141,5kan,5kan,Abs,0_0_21_,H3
142,4lf3,4lf3,Abs,0_0_21_,H3
143,5xez,4lf3,Abs,0_0_21_,H3
144,4ye4,4ye4,Abs,0_0_21_,H3
145,5k9q,5k9q,Abs,0_0_21_,H3
146,7a3u,7a3u,Abs,0_0_21_,H3
147,7a3o,7a3u,Abs,0_0_21_,H3
148,7a3q,7a3u,Abs,0_0_21_,H3
149,6jep,6jep,Abs,0_0_21_,H3
150,5uem,5uem,Abs,0_0_21_,H3
151,3skj,3skj,Abs,0_0_21_,H3
152,6uyf,6uyf,Abs,0_0_21_,H3
153,4nnp,4nnp,Abs,0_0_21_,H3
154,7msq,7msq,Abs,0_0_21_,H3
155,1gc1,1gc1,Abs,0_0_21_,H3
156,2ny3,1gc1,Abs,0_0_21_,H3
157,5y2l,5y2l,Abs,0_0_21_,H3
158,7jtg,7jtg,Abs,0_0_21_,H3
159,3bn9,3bn9,Abs,0_0_21_,H3
160,1kxt,1kxt,Nbs,0_0_21_,H3
161,7eow,7eow,Nbs,0_0_21_,H3
162,7a6o,7eow,Nbs,0_0_21_,H3
163,7e53,7e53,Nbs,0_0_21_,H3
164,6rqm,6rqm,Nbs,0_0_21_,H3
165,4eiz,4eiz,Nbs,0_0_21_,H3
166,7now,7now,Nbs,0_0_21_,H3
167,1rjc,1rjc,Nbs,0_0_21_,H3
168,4i0c,4i0c,Nbs,0_0_21_,H3
169,6xw6,6xw6,Nbs,0_0_21_,H3
170,4kdt,4kdt,Nbs,0_0_21_,H3
171,2x89,4kdt,Nbs,0_0_21_,H3
172,5c2u,5c2u,Nbs,0_0_21_,H3
173,5f1o,5f1o,Nbs,0_0_21_,H3
174,5jds,5jds,Nbs,0_0_21_,H3
175,5vxk,5vxk,Nbs,0_0_21_,H3
176,5ggv,5ggv,Abs,0_0_18_,H3
177,5w2b,5w2b,Abs,0_0_18_,H3
178,5vkd,5w2b,Abs,0_0_18_,H3
179,2xqb,2xqb,Abs,0_0_18_,H3
180,3so3,3so3,Abs,0_0_18_,H3
181,6wo5,6wo5,Abs,0_0_18_,H3
182,6phc,6phc,Abs,0_0_18_,H3
183,6b0a,6b0a,Abs,0_0_18_,H3
184,7e7y,7e7y,Abs,0_0_18_,H3
185,7chc,7chc,Abs,0_0_18_,H3
186,6hx4,6hx4,Abs,0_0_18_,H3
187,4rwy,4rwy,Abs,0_0_18_,H3
188,6oc3,6oc3,Abs,0_0_18_,H3
189,4xvs,4xvs,Abs,0_0_18_,H3
190,4xvt,4xvs,Abs,0_0_18_,H3
191,4jkp,4xvs,Abs,0_0_18_,H3
192,4om0,4xvs,Abs,0_0_18_,H3
193,3u7y,4xvs,Abs,0_0_18_,H3
194,6nz7,6nz7,Abs,0_0_18_,H3
195,6wgl,6wgl,Abs,0_0_18_,H3
196,6wmw,6wmw,Abs,0_0_18_,H3
197,7dm2,7dm2,Abs,0_0_18_,H3
198,4fqj,4fqj,Abs,0_0_18_,H3
199,6jbt,6jbt,Abs,0_0_18_,H3
200,6b0g,6b0g,Abs,0_0_18_,H3
201,7kmg,7kmg,Abs,0_0_18_,H3
202,5bk1,5bk1,Abs,0_0_18_,H3
203,4cad,4cad,Abs,0_0_18_,H3
204,6apb,6apb,Abs,0_0_18_,H3
205,5bv7,5bv7,Abs,0_0_18_,H3
206,5a3i,5a3i,Abs,0_0_18_,H3
207,6whk,6whk,Abs,0_0_18_,H3
208,4xak,4xak,Abs,0_0_18_,H3
209,7ps4,7ps4,Abs,0_0_18_,H3
210,5imm,5imm,Nbs,0_0_18_,H3
211,5iml,5imm,Nbs,0_0_18_,H3
212,5mp2,5mp2,Nbs,0_0_18_,H3
213,5lwf,5lwf,Nbs,0_0_18_,H3
214,5m14,5lwf,Nbs,0_0_18_,H3
215,6uht,6uht,Nbs,0_0_18_,H3
216,5fuc,5fuc,Nbs,0_0_18_,H3
217,4w6x,4w6x,Nbs,0_0_18_,H3
218,5vxm,4w6x,Nbs,0_0_18_,H3
219,5bop,5bop,Nbs,0_0_18_,H3
220,5m15,5m15,Nbs,0_0_18_,H3
221,6gs4,6gs4,Nbs,0_0_18_,H3
222,6uc6,6uc6,Nbs,0_0_18_,H3
223,1zvh,1zvh,Nbs,0_0_18_,H3
224,6waq,6waq,Nbs,0_0_18_,H3
225,6fyt,6fyt,Nbs,0_0_18_,H3
226,6oca,6oca,Nbs,0_0_18_,H3
227,6h15,6h15,Nbs,0_0_18_,H3
228,6hhu,6hhu,Nbs,0_0_18_,H3
229,6c9w,6c9w,Nbs,0_0_18_,H3
230,7mfu,7mfu,Nbs,0_0_18_,H3
231,7oay,7oay,Nbs,0_0_18_,H3
232,4lvn,4lvn,Abs,0_0_13_,H3
233,4zfg,4zfg,Abs,0_0_13_,H3
234,6j11,4zfg,Abs,0_0_13_,H3
235,3b2u,4zfg,Abs,0_0_13_,H3
236,1rjl,4zfg,Abs,0_0_13_,H3
237,3bdy,3bdy,Abs,0_0_13_,H3
238,1n8z,3bdy,Abs,0_0_13_,H3
239,3be1,3bdy,Abs,0_0_13_,H3
240,6bpa,3bdy,Abs,0_0_13_,H3
241,7kf0,3bdy,Abs,0_0_13_,H3
242,3nh7,3nh7,Abs,0_0_13_,H3
243,6b0h,3nh7,Abs,0_0_13_,H3
244,5nuz,3nh7,Abs,0_0_13_,H3
245,1e6j,3nh7,Abs,0_0_13_,H3
246,6ss4,3nh7,Abs,0_0_13_,H3
247,1yjd,1yjd,Abs,0_0_13_,H3
248,7ahu,1yjd,Abs,0_0_13_,H3
249,4jqi,1yjd,Abs,0_0_13_,H3
250,6j5f,1yjd,Abs,0_0_13_,H3
251,5jxe,1yjd,Abs,0_0_13_,H3
252,6vc9,6vc9,Abs,0_0_13_,H3
253,6wm9,6vc9,Abs,0_0_13_,H3
254,4aei,6vc9,Abs,0_0_13_,H3
255,7dk2,7dk2,Abs,0_0_13_,H3
256,4cmh,4cmh,Abs,0_0_13_,H3
257,2fjg,4cmh,Abs,0_0_13_,H3
258,6m58,4cmh,Abs,0_0_13_,H3
259,4zff,4cmh,Abs,0_0_13_,H3
260,1ob1,4cmh,Abs,0_0_13_,H3
261,3dvn,4cmh,Abs,0_0_13_,H3
262,6cxy,4cmh,Abs,0_0_13_,H3
263,6hhc,6hhc,Abs,0_0_13_,H3
264,5w06,5w06,Abs,0_0_13_,H3
265,3hi6,3hi6,Abs,0_0_13_,H3
266,4kxz,4kxz,Abs,0_0_13_,H3
267,1nca,4kxz,Abs,0_0_13_,H3
268,5vig,4kxz,Abs,0_0_13_,H3
269,4kv5,4kxz,Abs,0_0_13_,H3
270,2aep,2aep,Abs,0_0_13_,H3
271,7kzb,2aep,Abs,0_0_13_,H3
272,7eam,7eam,Abs,0_0_13_,H3
273,6j14,6j14,Abs,0_0_13_,H3
274,6j15,6j14,Abs,0_0_13_,H3
275,7seg,7seg,Abs,0_0_13_,H3
276,7c01,7c01,Abs,0_0_13_,H3
277,6ss2,7c01,Abs,0_0_13_,H3
278,5dur,5dur,Abs,0_0_13_,H3
279,5ggs,5ggs,Abs,0_0_13_,H3
280,3pgf,5ggs,Abs,0_0_13_,H3
281,6ba5,6ba5,Abs,0_0_13_,H3
282,5tz2,5tz2,Abs,0_0_13_,H3
283,7chy,7chy,Abs,0_0_13_,H3
284,7chz,7chy,Abs,0_0_13_,H3
285,5hdq,5hdq,Abs,0_0_13_,H3
286,7qu1,7qu1,Abs,0_0_13_,H3
287,5dfv,7qu1,Abs,0_0_13_,H3
288,5l0q,5l0q,Abs,0_0_13_,H3
289,4qci,4qci,Abs,0_0_13_,H3
290,6hxw,4qci,Abs,0_0_13_,H3
291,7ceb,4qci,Abs,0_0_13_,H3
292,3l5y,4qci,Abs,0_0_13_,H3
293,4leo,4qci,Abs,0_0_13_,H3
294,6b08,6b08,Abs,0_0_13_,H3
295,6azz,6b08,Abs,0_0_13_,H3
296,4jzj,4jzj,Abs,0_0_13_,H3
297,6p67,4jzj,Abs,0_0_13_,H3
298,3l5w,3l5w,Abs,0_0_13_,H3
299,4krp,3l5w,Abs,0_0_13_,H3
300,1nfd,1nfd,Abs,0_0_13_,H3
301,5lsp,5lsp,Abs,0_0_13_,H3
302,6ztr,6ztr,Abs,0_0_13_,H3
303,6o3a,6ztr,Abs,0_0_13_,H3
304,5wb9,6ztr,Abs,0_0_13_,H3
305,6o3b,6o3b,Abs,0_0_13_,H3
306,6oy4,6oy4,Abs,0_0_13_,H3
307,6nmt,6nmt,Abs,0_0_13_,H3
308,4ht1,4ht1,Abs,0_0_13_,H3
309,1oaz,1oaz,Abs,0_0_13_,H3
310,6dkj,6dkj,Abs,0_0_13_,H3
311,7lsf,6dkj,Abs,0_0_13_,H3
312,6rlo,6rlo,Abs,0_0_13_,H3
313,3u9p,3u9p,Abs,0_0_13_,H3
314,6h3t,6h3t,Abs,0_0_13_,H3
315,5h35,5h35,Abs,0_0_13_,H3
316,5utz,5utz,Abs,0_0_13_,H3
317,7nx7,7nx7,Abs,0_0_13_,H3
318,4hlz,4hlz,Abs,0_0_13_,H3
319,5kvd,5kvd,Abs,0_0_13_,H3
320,7klh,7klh,Abs,0_0_13_,H3
321,6o39,6o39,Abs,0_0_13_,H3
322,7mdj,7mdj,Abs,0_0_13_,H3
323,6sc6,6sc6,Nbs,0_0_13_,H3
324,5mwn,5mwn,Nbs,0_0_13_,H3
325,6obc,6obc,Nbs,0_0_13_,H3
326,7kjh,7kjh,Nbs,0_0_13_,H3
327,4cdg,4cdg,Nbs,0_0_13_,H3
328,6obe,6obe,Nbs,0_0_13_,H3
329,4lgr,4lgr,Nbs,0_0_13_,H3
330,6x04,6x04,Nbs,0_0_13_,H3
331,7dv4,7dv4,Nbs,0_0_13_,H3
332,5m30,5m30,Nbs,0_0_13_,H3
333,1ahw,1ahw,Abs,0_0_10_,H3
334,6iap,1ahw,Abs,0_0_10_,H3
335,3s35,1ahw,Abs,0_0_10_,H3
336,1uj3,1ahw,Abs,0_0_10_,H3
337,1jps,1ahw,Abs,0_0_10_,H3
338,4ffv,1ahw,Abs,0_0_10_,H3
339,3iu3,1ahw,Abs,0_0_10_,H3
340,4oii,1ahw,Abs,0_0_10_,H3
341,6flb,1ahw,Abs,0_0_10_,H3
342,1fdl,1ahw,Abs,0_0_10_,H3
343,1vfb,1ahw,Abs,0_0_10_,H3
344,1g7i,1ahw,Abs,0_0_10_,H3
345,6xw7,1ahw,Nbs,0_0_10_,H3
346,6vbg,1ahw,Nbs,0_0_10_,H3
347,3mj9,3mj9,Abs,0_0_10_,H3
348,2vxq,3mj9,Abs,0_0_10_,H3
349,5tlk,3mj9,Abs,0_0_10_,H3
350,6ion,3mj9,Abs,0_0_10_,H3
351,7kmi,3mj9,Abs,0_0_10_,H3
352,2wub,3mj9,Abs,0_0_10_,H3
353,4bz1,3mj9,Abs,0_0_10_,H3
354,3zkn,3mj9,Abs,0_0_10_,H3
355,6icc,3mj9,Abs,0_0_10_,H3
356,6ayz,3mj9,Abs,0_0_10_,H3
357,7mzk,3mj9,Abs,0_0_10_,H3
358,6osv,3mj9,Abs,0_0_10_,H3
359,4l5f,3mj9,Abs,0_0_10_,H3
360,7bq5,3mj9,Abs,0_0_10_,H3
361,4lqf,3mj9,Abs,0_0_10_,H3
362,7lr3,3mj9,Abs,0_0_10_,H3
363,4z5r,3mj9,Abs,0_0_10_,H3
364,7bbj,3mj9,Abs,0_0_10_,H3
365,4k9e,3mj9,Abs,0_0_10_,H3
366,5ucb,3mj9,Abs,0_0_10_,H3
367,7cqc,3mj9,Abs,0_0_10_,H3
368,5usi,3mj9,Abs,0_0_10_,H3
369,4k94,3mj9,Abs,0_0_10_,H3
370,6al0,3mj9,Abs,0_0_10_,H3
371,7vux,3mj9,Abs,0_0_10_,H3
372,7kn3,3mj9,Abs,0_0_10_,H3
373,6ddr,3mj9,Abs,0_0_10_,H3
374,6yax,3mj9,Abs,0_0_10_,H3
375,6h6y,3mj9,Nbs,0_0_10_,H3
376,5tzt,5tzt,Abs,0_0_10_,H3
377,2ybr,5tzt,Abs,0_0_10_,H3
378,6hig,5tzt,Abs,0_0_10_,H3
379,6ogx,5tzt,Abs,0_0_10_,H3
380,7b3o,7b3o,Abs,0_0_10_,H3
381,4orz,7b3o,Nbs,0_0_10_,H3
382,7n0u,7n0u,Abs,0_0_10_,H3
383,4liq,4liq,Abs,0_0_10_,H3
384,4al8,4al8,Abs,0_0_10_,H3
385,6jjp,4al8,Abs,0_0_10_,H3
386,4ala,4al8,Abs,0_0_10_,H3
387,6ddm,6ddm,Abs,0_0_10_,H3
388,1wej,1wej,Abs,0_0_10_,H3
389,6aod,6aod,Abs,0_0_10_,H3
390,6xkr,6xkr,Abs,0_0_10_,H3
391,7s13,7s13,Abs,0_0_10_,H3
392,5anm,5anm,Abs,0_0_10_,H3
393,6bfs,6bfs,Abs,0_0_10_,H3
394,1iqd,6bfs,Abs,0_0_10_,H3
395,2bdn,2bdn,Abs,0_0_10_,H3
396,5jhl,5jhl,Abs,0_0_10_,H3
397,7apj,7apj,Nbs,0_0_10_,H3
398,5jmo,5jmo,Nbs,0_0_10_,H3
399,3k74,3k74,Nbs,0_0_10_,H3
400,5c1m,5c1m,Nbs,0_0_10_,H3
401,6fe4,6fe4,Nbs,0_0_10_,H3
402,4lgp,4lgp,Nbs,0_0_10_,H3
403,6oq8,6oq8,Nbs,0_0_10_,H3
404,7nfq,7nfq,Nbs,0_0_10_,H3
405,7nfr,7nfq,Nbs,0_0_10_,H3
406,5ja9,5ja9,Nbs,0_0_10_,H3
407,6csy,6csy,Nbs,0_0_10_,H3
408,7dm1,7dm1,Abs,0_0_19_,H3
409,6wzm,6wzm,Abs,0_0_19_,H3
410,6wzl,6wzm,Abs,0_0_19_,H3
411,6wzk,6wzm,Abs,0_0_19_,H3
412,4hkx,4hkx,Abs,0_0_19_,H3
413,5ugy,4hkx,Abs,0_0_19_,H3
414,7m7w,7m7w,Abs,0_0_19_,H3
415,6iuv,6iuv,Abs,0_0_19_,H3
416,4m8q,4m8q,Abs,0_0_19_,H3
417,3sob,3sob,Abs,0_0_19_,H3
418,4r8w,4r8w,Abs,0_0_19_,H3
419,7q0i,7q0i,Abs,0_0_19_,H3
420,6xm2,6xm2,Abs,0_0_19_,H3
421,6wo4,6wo4,Abs,0_0_19_,H3
422,6kyz,6kyz,Abs,0_0_19_,H3
423,7qnx,7qnx,Abs,0_0_19_,H3
424,3tje,3tje,Abs,0_0_19_,H3
425,3thm,3tje,Abs,0_0_19_,H3
426,6mei,6mei,Abs,0_0_19_,H3
427,7n3c,7n3c,Abs,0_0_19_,H3
428,3pnw,3pnw,Abs,0_0_19_,H3
429,5yoy,5yoy,Abs,0_0_19_,H3
430,5bk2,5bk2,Abs,0_0_19_,H3
431,3x3f,3x3f,Abs,0_0_19_,H3
432,6pze,6pze,Abs,0_0_19_,H3
433,3nps,3nps,Abs,0_0_19_,H3
434,6s3d,6s3d,Abs,0_0_19_,H3
435,7phw,7phw,Abs,0_0_19_,H3
436,5ukr,5ukr,Abs,0_0_19_,H3
437,3q1s,3q1s,Abs,0_0_19_,H3
438,6xxv,6xxv,Abs,0_0_19_,H3
439,6woz,6woz,Abs,0_0_19_,H3
440,6bf4,6bf4,Abs,0_0_19_,H3
441,6umx,6umx,Abs,0_0_19_,H3
442,7bel,7bel,Abs,0_0_19_,H3
443,6tyb,6tyb,Abs,0_0_19_,H3
444,5e7f,5e7f,Nbs,0_0_19_,H3
445,7kn7,7kn7,Nbs,0_0_19_,H3
446,7kn5,7kn7,Nbs,0_0_19_,H3
447,7nkt,7kn7,Nbs,0_0_19_,H3
448,7k84,7k84,Nbs,0_0_19_,H3
449,6zg3,6zg3,Nbs,0_0_19_,H3
450,5e0q,5e0q,Nbs,0_0_19_,H3
451,7aqy,7aqy,Nbs,0_0_19_,H3
452,7ar0,7ar0,Nbs,0_0_19_,H3
453,6fyu,6fyu,Nbs,0_0_19_,H3
454,5sv3,5sv3,Nbs,0_0_19_,H3
455,6ey0,6ey0,Nbs,0_0_19_,H3
456,3k3q,3k3q,Nbs,0_0_19_,H3
457,7n0i,7n0i,Nbs,0_0_19_,H3
458,6uft,6uft,Nbs,0_0_19_,H3
459,5j57,5j57,Nbs,0_0_19_,H3
460,6ir2,6ir2,Nbs,0_0_19_,H3
461,7r98,7r98,Nbs,0_0_19_,H3
462,7nx0,7nx0,Nbs,0_0_19_,H3
463,6h6z,6h6z,Nbs,0_0_19_,H3
464,6h70,6h6z,Nbs,0_0_19_,H3
465,6z6v,6h6z,Nbs,0_0_19_,H3
466,4w6w,4w6w,Nbs,0_0_19_,H3
467,1ri8,1ri8,Nbs,0_0_19_,H3
468,7nmu,7nmu,Nbs,0_0_19_,H3
469,6lxj,6lxj,Abs,0_0_25_,H3
470,6lxi,6lxj,Abs,0_0_25_,H3
471,6cmg,6cmg,Abs,0_0_25_,H3
472,4xmp,4xmp,Abs,0_0_25_,H3
473,4xny,4xmp,Abs,0_0_25_,H3
474,5o03,5o03,Nbs,0_0_25_,H3
475,3g9a,3g9a,Nbs,0_0_25_,H3
476,3mac,3mac,Abs,0_0_14_,H3
477,3ma9,3mac,Abs,0_0_14_,H3
478,4khx,3mac,Abs,0_0_14_,H3
479,4kht,3mac,Abs,0_0_14_,H3
480,7shz,7shz,Abs,0_0_14_,H3
481,5hys,7shz,Abs,0_0_14_,H3
482,5wk3,7shz,Abs,0_0_14_,H3
483,7shy,7shz,Abs,0_0_14_,H3
484,7shu,7shz,Abs,0_0_14_,H3
485,6z2l,6z2l,Abs,0_0_14_,H3
486,1h0d,1h0d,Abs,0_0_14_,H3
487,7nx3,1h0d,Abs,0_0_14_,H3
488,4dtg,1h0d,Abs,0_0_14_,H3
489,4yqx,4yqx,Abs,0_0_14_,H3
490,3ngb,4yqx,Abs,0_0_14_,H3
491,4lst,4yqx,Abs,0_0_14_,H3
492,7o9s,4yqx,Abs,0_0_14_,H3
493,5vcn,5vcn,Abs,0_0_14_,H3
494,4k2u,5vcn,Abs,0_0_14_,H3
495,4lou,4lou,Abs,0_0_14_,H3
496,7cvt,4lou,Abs,0_0_14_,H3
497,7kpb,4lou,Abs,0_0_14_,H3
498,3ejz,4lou,Abs,0_0_14_,H3
499,4kk9,4lou,Abs,0_0_14_,H3
500,4zs7,4zs7,Abs,0_0_14_,H3
501,6iek,6iek,Abs,0_0_14_,H3
502,6was,6was,Abs,0_0_14_,H3
503,5fb8,5fb8,Abs,0_0_14_,H3
504,5vag,5vag,Abs,0_0_14_,H3
505,7dr4,7dr4,Abs,0_0_14_,H3
506,1osp,7dr4,Abs,0_0_14_,H3
507,6i8s,7dr4,Abs,0_0_14_,H3
508,5lqb,5lqb,Abs,0_0_14_,H3
509,7lfb,5lqb,Abs,0_0_14_,H3
510,5mhr,5mhr,Abs,0_0_14_,H3
511,6mlk,6mlk,Abs,0_0_14_,H3
512,2r56,2r56,Abs,0_0_14_,H3
513,5vpl,5vpl,Abs,0_0_14_,H3
514,3rvw,5vpl,Abs,0_0_14_,H3
515,6xcj,6xcj,Abs,0_0_14_,H3
516,4j6r,4j6r,Abs,0_0_14_,H3
517,6nnf,4j6r,Abs,0_0_14_,H3
518,6mft,4j6r,Abs,0_0_14_,H3
519,4lss,4j6r,Abs,0_0_14_,H3
520,4jpk,4j6r,Abs,0_0_14_,H3
521,7o52,7o52,Abs,0_0_14_,H3
522,6urm,7o52,Abs,0_0_14_,H3
523,5otj,5otj,Abs,0_0_14_,H3
524,3g04,3g04,Abs,0_0_14_,H3
525,7kq7,7kq7,Abs,0_0_14_,H3
526,1jrh,1jrh,Abs,0_0_14_,H3
527,3p0y,3p0y,Abs,0_0_14_,H3
528,5x8m,5x8m,Abs,0_0_14_,H3
529,6gku,6gku,Abs,0_0_14_,H3
530,7s0b,7s0b,Abs,0_0_14_,H3
531,4bz2,4bz2,Abs,0_0_14_,H3
532,7kf1,7kf1,Abs,0_0_14_,H3
533,6wh9,6wh9,Abs,0_0_14_,H3
534,7qnw,7qnw,Abs,0_0_14_,H3
535,7ean,7ean,Abs,0_0_14_,H3
536,4zso,4zso,Abs,0_0_14_,H3
537,3bgf,3bgf,Abs,0_0_14_,H3
538,3eoa,3eoa,Abs,0_0_14_,H3
539,6svl,6svl,Abs,0_0_14_,H3
540,7lr4,7lr4,Abs,0_0_14_,H3
541,7cr5,7cr5,Abs,0_0_14_,H3
542,7n4i,7n4i,Abs,0_0_14_,H3
543,5o4g,5o4g,Abs,0_0_14_,H3
544,7e5o,7e5o,Abs,0_0_14_,H3
545,5kjr,5kjr,Abs,0_0_14_,H3
546,4rgm,4rgm,Abs,0_0_14_,H3
547,7d85,7d85,Abs,0_0_14_,H3
548,4lmq,4lmq,Abs,0_0_14_,H3
549,7kfv,7kfv,Abs,0_0_14_,H3
550,7kfx,7kfv,Abs,0_0_14_,H3
551,7lf8,7lf8,Abs,0_0_14_,H3
552,7rah,7rah,Abs,0_0_14_,H3
553,4kuc,4kuc,Abs,0_0_14_,H3
554,5hbt,5hbt,Abs,0_0_14_,H3
555,5occ,5occ,Abs,0_0_14_,H3
556,4x7d,4x7d,Nbs,0_0_14_,H3
557,6rty,6rty,Nbs,0_0_14_,H3
558,6gwp,6gwp,Nbs,0_0_14_,H3
559,6i6j,6i6j,Nbs,0_0_14_,H3
560,6ze1,6ze1,Nbs,0_0_14_,H3
561,5lhr,5lhr,Nbs,0_0_14_,H3
562,5o05,5o05,Nbs,0_0_14_,H3
563,3ezj,3ezj,Nbs,0_0_14_,H3
564,2p42,2p42,Nbs,0_0_14_,H3
565,4pou,2p42,Nbs,0_0_14_,H3
566,2p4a,2p42,Nbs,0_0_14_,H3
567,3qsk,2p42,Nbs,0_0_14_,H3
568,6obg,6obg,Nbs,0_0_14_,H3
569,6obo,6obg,Nbs,0_0_14_,H3
570,6obm,6obg,Nbs,0_0_14_,H3
571,7kdu,7kdu,Nbs,0_0_14_,H3
572,4weu,4weu,Nbs,0_0_14_,H3
573,5ja8,5ja8,Nbs,0_0_14_,H3
574,6h7j,6h7j,Nbs,0_0_14_,H3
575,7bu7,6h7j,Nbs,0_0_14_,H3
576,4lde,6h7j,Nbs,0_0_14_,H3
577,6h7o,6h7j,Nbs,0_0_14_,H3
578,7bu6,6h7j,Nbs,0_0_14_,H3
579,6z20,6z20,Nbs,0_0_14_,H3
580,6tej,6tej,Nbs,0_0_14_,H3
581,7azb,7azb,Nbs,0_0_14_,H3
582,7n0r,7n0r,Nbs,0_0_14_,H3
583,6u51,6u51,Nbs,0_0_14_,H3
584,6gju,6gju,Nbs,0_0_14_,H3
585,1zv5,1zv5,Nbs,0_0_14_,H3
586,5mje,5mje,Nbs,0_0_14_,H3
587,7kgj,7kgj,Nbs,0_0_14_,H3
588,4u3x,4u3x,Nbs,0_0_14_,H3
589,5hvh,5hvh,Nbs,0_0_14_,H3
590,4m3k,4m3k,Nbs,0_0_14_,H3
591,7oau,7oau,Nbs,0_0_14_,H3
592,5gzo,5gzo,Abs,0_0_12_,H3
593,7ly3,5gzo,Abs,0_0_12_,H3
594,4f3f,5gzo,Abs,0_0_12_,H3
595,4rgn,5gzo,Abs,0_0_12_,H3
596,6nyq,5gzo,Abs,0_0_12_,H3
597,6xsw,6xsw,Abs,0_0_12_,H3
598,4m1g,6xsw,Abs,0_0_12_,H3
599,5i9q,6xsw,Abs,0_0_12_,H3
600,6nms,6xsw,Abs,0_0_12_,H3
601,5d8j,6xsw,Abs,0_0_12_,H3
602,7ce2,6xsw,Abs,0_0_12_,H3
603,6ohg,6xsw,Abs,0_0_12_,H3
604,4xwo,6xsw,Abs,0_0_12_,H3
605,4g6m,6xsw,Abs,0_0_12_,H3
606,7s4s,7s4s,Abs,0_0_12_,H3
607,6xe1,7s4s,Abs,0_0_12_,H3
608,7n3i,7s4s,Abs,0_0_12_,H3
609,7r8l,7s4s,Abs,0_0_12_,H3
610,7jmo,7s4s,Abs,0_0_12_,H3
611,7cjf,7s4s,Abs,0_0_12_,H3
612,7chb,7s4s,Abs,0_0_12_,H3
613,3wih,3wih,Abs,0_0_12_,H3
614,6xc3,3wih,Abs,0_0_12_,H3
615,6mg7,6mg7,Abs,0_0_12_,H3
616,7jn5,7jn5,Abs,0_0_12_,H3
617,6yla,7jn5,Abs,0_0_12_,H3
618,4g7v,7jn5,Abs,0_0_12_,H3
619,6h2y,7jn5,Abs,0_0_12_,H3
620,6z2m,7jn5,Abs,0_0_12_,H3
621,2xwt,7jn5,Abs,0_0_12_,H3
622,7c88,7jn5,Abs,0_0_12_,H3
623,6u6u,6u6u,Abs,0_0_12_,H3
624,4yx2,4yx2,Abs,0_0_12_,H3
625,4dgi,4yx2,Abs,0_0_12_,H3
626,4h88,4yx2,Abs,0_0_12_,H3
627,3ld8,4yx2,Abs,0_0_12_,H3
628,4xvu,4yx2,Abs,0_0_12_,H3
629,6lgw,4yx2,Abs,0_0_12_,H3
630,6ktr,6ktr,Abs,0_0_12_,H3
631,6u9s,6u9s,Abs,0_0_12_,H3
632,5xwd,6u9s,Abs,0_0_12_,H3
633,1egj,6u9s,Abs,0_0_12_,H3
634,5mes,6u9s,Abs,0_0_12_,H3
635,6iut,6u9s,Abs,0_0_12_,H3
636,1sy6,6u9s,Abs,0_0_12_,H3
637,7kn4,7kn4,Abs,0_0_12_,H3
638,4jlr,4jlr,Abs,0_0_12_,H3
639,6e62,4jlr,Abs,0_0_12_,H3
640,4dn4,4jlr,Abs,0_0_12_,H3
641,3qwo,4jlr,Abs,0_0_12_,H3
642,6e63,4jlr,Abs,0_0_12_,H3
643,5vnw,4jlr,Nbs,0_0_12_,H3
644,6dfj,6dfj,Abs,0_0_12_,H3
645,6dfi,6dfj,Abs,0_0_12_,H3
646,3hmx,6dfj,Abs,0_0_12_,H3
647,1ztx,6dfj,Abs,0_0_12_,H3
648,4np4,6dfj,Abs,0_0_12_,H3
649,6s5a,6s5a,Abs,0_0_12_,H3
650,4z7n,4z7n,Abs,0_0_12_,H3
651,2vdm,4z7n,Abs,0_0_12_,H3
652,4rrp,4rrp,Abs,0_0_12_,H3
653,2ypv,2ypv,Abs,0_0_12_,H3
654,6nmu,6nmu,Abs,0_0_12_,H3
655,1bgx,1bgx,Abs,0_0_12_,H3
656,6ywc,6ywc,Abs,0_0_12_,H3
657,4xph,6ywc,Abs,0_0_12_,H3
658,7kd6,7kd6,Abs,0_0_12_,H3
659,6elu,6elu,Abs,0_0_12_,H3
660,1mhp,6elu,Abs,0_0_12_,H3
661,6flc,6elu,Abs,0_0_12_,H3
662,5w4l,6elu,Abs,0_0_12_,H3
663,4jpv,4jpv,Abs,0_0_12_,H3
664,4lsv,4jpv,Abs,0_0_12_,H3
665,5n7w,4jpv,Abs,0_0_12_,H3
666,6cf2,6cf2,Abs,0_0_12_,H3
667,4ij3,6cf2,Abs,0_0_12_,H3
668,3r1g,3r1g,Abs,0_0_12_,H3
669,1kb5,3r1g,Abs,0_0_12_,H3
670,1lk3,3r1g,Abs,0_0_12_,H3
671,4i77,4i77,Abs,0_0_12_,H3
672,6o1f,4i77,Abs,0_0_12_,H3
673,6ieb,6ieb,Abs,0_0_12_,H3
674,4hj0,6ieb,Abs,0_0_12_,H3
675,5vqm,6ieb,Abs,0_0_12_,H3
676,7s11,7s11,Abs,0_0_12_,H3
677,5d96,5d96,Abs,0_0_12_,H3
678,7lfa,7lfa,Abs,0_0_12_,H3
679,2cmr,7lfa,Abs,0_0_12_,H3
680,4k3j,4k3j,Abs,0_0_12_,H3
681,3i50,3i50,Abs,0_0_12_,H3
682,4i2x,3i50,Abs,0_0_12_,H3
683,3u30,3u30,Abs,0_0_12_,H3
684,3mxw,3u30,Abs,0_0_12_,H3
685,3l95,3u30,Abs,0_0_12_,H3
686,6n5d,6n5d,Abs,0_0_12_,H3
687,4ydl,4ydl,Abs,0_0_12_,H3
688,3liz,3liz,Abs,0_0_12_,H3
689,5ob5,5ob5,Abs,0_0_12_,H3
690,4etq,4etq,Abs,0_0_12_,H3
691,5czx,5czx,Abs,0_0_12_,H3
692,3jwd,3jwd,Abs,0_0_12_,H3
693,7k9z,7k9z,Abs,0_0_12_,H3
694,7ps6,7ps6,Abs,0_0_12_,H3
695,5kvf,5kvf,Abs,0_0_12_,H3
696,6k0y,6k0y,Abs,0_0_12_,H3
697,2r0l,2r0l,Abs,0_0_12_,H3
698,7c61,7c61,Abs,0_0_12_,H3
699,6o9i,6o9i,Abs,0_0_12_,H3
700,4xt1,4xt1,Nbs,0_0_12_,H3
701,7kd2,7kd2,Nbs,0_0_12_,H3
702,6r7t,6r7t,Nbs,0_0_12_,H3
703,6v7z,6v7z,Nbs,0_0_12_,H3
704,6xzu,6xzu,Nbs,0_0_12_,H3
705,6gjs,6gjs,Nbs,0_0_12_,H3
706,4w2q,4w2q,Nbs,0_0_12_,H3
707,6h16,6h16,Nbs,0_0_12_,H3
708,7o3b,7o3b,Nbs,0_0_12_,H3
709,5vxj,7o3b,Nbs,0_0_12_,H3
710,6x07,6x07,Nbs,0_0_12_,H3
711,7vnb,7vnb,Nbs,0_0_12_,H3
712,4uta,4uta,Abs,0_0_15_,H3
713,7lcv,7lcv,Abs,0_0_15_,H3
714,7ket,7lcv,Abs,0_0_15_,H3
715,7l7r,7l7r,Abs,0_0_15_,H3
716,5f9o,5f9o,Abs,0_0_15_,H3
717,5f9w,5f9o,Abs,0_0_15_,H3
718,5f96,5f9o,Abs,0_0_15_,H3
719,4uv7,4uv7,Abs,0_0_15_,H3
720,3qa3,3qa3,Abs,0_0_15_,H3
721,6lz9,6lz9,Abs,0_0_15_,H3
722,7kyo,7kyo,Abs,0_0_15_,H3
723,6nm6,6nm6,Abs,0_0_15_,H3
724,5te4,6nm6,Abs,0_0_15_,H3
725,5te6,6nm6,Abs,0_0_15_,H3
726,4jpw,6nm6,Abs,0_0_15_,H3
727,5te7,6nm6,Abs,0_0_15_,H3
728,1tzh,1tzh,Abs,0_0_15_,H3
729,4lsq,1tzh,Abs,0_0_15_,H3
730,7jkt,7jkt,Abs,0_0_15_,H3
731,5gjs,5gjs,Abs,0_0_15_,H3
732,6p50,6p50,Abs,0_0_15_,H3
733,6n5e,6n5e,Abs,0_0_15_,H3
734,6rps,6rps,Abs,0_0_15_,H3
735,3o2d,3o2d,Abs,0_0_15_,H3
736,6pis,6pis,Abs,0_0_15_,H3
737,5xmh,5xmh,Abs,0_0_15_,H3
738,5mi0,5mi0,Abs,0_0_15_,H3
739,6nmr,5mi0,Abs,0_0_15_,H3
740,7ps0,7ps0,Abs,0_0_15_,H3
741,4lvh,4lvh,Abs,0_0_15_,H3
742,7dc8,7dc8,Abs,0_0_15_,H3
743,7duo,7duo,Abs,0_0_15_,H3
744,7dha,7duo,Abs,0_0_15_,H3
745,4edw,4edw,Abs,0_0_15_,H3
746,4edx,4edw,Abs,0_0_15_,H3
747,5t5f,5t5f,Abs,0_0_15_,H3
748,6ute,6ute,Abs,0_0_15_,H3
749,5vic,6ute,Abs,0_0_15_,H3
750,6plk,6ute,Abs,0_0_15_,H3
751,6fax,6fax,Abs,0_0_15_,H3
752,6mhr,6mhr,Abs,0_0_15_,H3
753,6nnj,6nnj,Abs,0_0_15_,H3
754,7beh,7beh,Abs,0_0_15_,H3
755,5o1r,5o1r,Abs,0_0_15_,H3
756,5jq6,5jq6,Abs,0_0_15_,H3
757,6a77,6a77,Abs,0_0_15_,H3
758,5b3j,5b3j,Abs,0_0_15_,H3
759,7cho,7cho,Abs,0_0_15_,H3
760,6kz0,6kz0,Abs,0_0_15_,H3
761,2zch,2zch,Abs,0_0_15_,H3
762,5l6y,5l6y,Abs,0_0_15_,H3
763,4qnp,4qnp,Abs,0_0_15_,H3
764,7kql,7kql,Abs,0_0_15_,H3
765,6ddv,6ddv,Abs,0_0_15_,H3
766,7m3i,7m3i,Abs,0_0_15_,H3
767,1fbi,1fbi,Abs,0_0_15_,H3
768,4f2m,4f2m,Abs,0_0_15_,H3
769,6vug,6vug,Abs,0_0_15_,H3
770,2hmi,6vug,Abs,0_0_15_,H3
771,1n6q,6vug,Abs,0_0_15_,H3
772,5b71,5b71,Abs,0_0_15_,H3
773,4qti,4qti,Abs,0_0_15_,H3
774,3w9e,3w9e,Abs,0_0_15_,H3
775,4lsu,4lsu,Abs,0_0_15_,H3
776,5o14,5o14,Abs,0_0_15_,H3
777,4py8,4py8,Abs,0_0_15_,H3
778,4ogx,4ogx,Abs,0_0_15_,H3
779,4ogy,4ogx,Abs,0_0_15_,H3
780,1nmc,1nmc,Abs,0_0_15_,H3
781,5nmv,1nmc,Abs,0_0_15_,H3
782,6xkq,6xkq,Abs,0_0_15_,H3
783,4dke,4dke,Abs,0_0_15_,H3
784,3kr3,3kr3,Abs,0_0_15_,H3
785,6yio,6yio,Abs,0_0_15_,H3
786,7np1,7np1,Abs,0_0_15_,H3
787,2xra,2xra,Abs,0_0_15_,H3
788,6r8x,6r8x,Abs,0_0_15_,H3
789,3sdy,3sdy,Abs,0_0_15_,H3
790,5ush,5ush,Abs,0_0_15_,H3
791,6ye3,6ye3,Abs,0_0_15_,H3
792,7m1h,7m1h,Nbs,0_0_15_,H3
793,4wem,4wem,Nbs,0_0_15_,H3
794,4wen,4wem,Nbs,0_0_15_,H3
795,7kdm,7kdm,Nbs,0_0_15_,H3
796,1kxv,1kxv,Nbs,0_0_15_,H3
797,3k7u,3k7u,Nbs,0_0_15_,H3
798,7kn6,7kn6,Nbs,0_0_15_,H3
799,6xw4,6xw4,Nbs,0_0_15_,H3
800,6qgw,6qgw,Nbs,0_0_15_,H3
801,6x05,6x05,Nbs,0_0_15_,H3
802,5y7z,5y7z,Nbs,0_0_15_,H3
803,4lhj,4lhj,Nbs,0_0_15_,H3
804,6gjq,6gjq,Nbs,0_0_15_,H3
805,6yu8,6yu8,Nbs,0_0_15_,H3
806,4ocm,6yu8,Nbs,0_0_15_,H3
807,6h71,6h71,Nbs,0_0_15_,H3
808,7b27,7b27,Nbs,0_0_15_,H3
809,5vjo,5vjo,Abs,0_0_7_,H3
810,2dqf,5vjo,Abs,0_0_7_,H3
811,1ua6,5vjo,Abs,0_0_7_,H3
812,1ndg,5vjo,Abs,0_0_7_,H3
813,2dqc,5vjo,Abs,0_0_7_,H3
814,6okm,5vjo,Abs,0_0_7_,H3
815,2yss,5vjo,Abs,0_0_7_,H3
816,1j1p,5vjo,Abs,0_0_7_,H3
817,1j1x,5vjo,Abs,0_0_7_,H3
818,1xgr,5vjo,Abs,0_0_7_,H3
819,1ic5,5vjo,Abs,0_0_7_,H3
820,1ndm,5vjo,Abs,0_0_7_,H3
821,5vjq,5vjo,Abs,0_0_7_,H3
822,2dqg,5vjo,Abs,0_0_7_,H3
823,2eks,5vjo,Abs,0_0_7_,H3
824,3a6b,5vjo,Abs,0_0_7_,H3
825,3a67,5vjo,Abs,0_0_7_,H3
826,6p4b,5vjo,Abs,0_0_7_,H3
827,5x0t,5vjo,Abs,0_0_7_,H3
828,1ic4,5vjo,Abs,0_0_7_,H3
829,1uac,5vjo,Abs,0_0_7_,H3
830,1j1o,5vjo,Abs,0_0_7_,H3
831,3a6c,5vjo,Abs,0_0_7_,H3
832,6nmv,6nmv,Abs,0_0_7_,H3
833,7mzh,6nmv,Abs,0_0_7_,H3
834,6k65,6nmv,Abs,0_0_7_,H3
835,5tih,5tih,Abs,0_0_7_,H3
836,2oz4,2oz4,Abs,0_0_7_,H3
837,4x7f,4x7f,Nbs,0_0_7_,H3
838,6ui1,6ui1,Nbs,0_0_7_,H3
839,5omn,5omn,Nbs,0_0_7_,H3
840,6wtu,6wtu,Abs,0_0_16_,H3
841,5k9k,5k9k,Abs,0_0_16_,H3
842,7lm8,7lm8,Abs,0_0_16_,H3
843,7lm9,7lm8,Abs,0_0_16_,H3
844,6bft,6bft,Abs,0_0_16_,H3
845,1bj1,6bft,Abs,0_0_16_,H3
846,1cz8,6bft,Abs,0_0_16_,H3
847,7r6x,7r6x,Abs,0_0_16_,H3
848,7orb,7r6x,Abs,0_0_16_,H3
849,7b0b,7r6x,Abs,0_0_16_,H3
850,3se8,3se8,Abs,0_0_16_,H3
851,4i3r,4i3r,Abs,0_0_16_,H3
852,3se9,4i3r,Abs,0_0_16_,H3
853,4yue,4yue,Abs,0_0_16_,H3
854,4u6v,4u6v,Abs,0_0_16_,H3
855,5ggt,5ggt,Abs,0_0_16_,H3
856,4plj,4plj,Abs,0_0_16_,H3
857,6a0z,6a0z,Abs,0_0_16_,H3
858,6erx,6erx,Abs,0_0_16_,H3
859,6fxn,6erx,Abs,0_0_16_,H3
860,3rkd,3rkd,Abs,0_0_16_,H3
861,4qww,4qww,Abs,0_0_16_,H3
862,1oak,1oak,Abs,0_0_16_,H3
863,5vco,5vco,Abs,0_0_16_,H3
864,6vgr,6vgr,Abs,0_0_16_,H3
865,5fcu,5fcu,Abs,0_0_16_,H3
866,7e3o,7e3o,Abs,0_0_16_,H3
867,6ppg,6ppg,Abs,0_0_16_,H3
868,4xnm,4xnm,Abs,0_0_16_,H3
869,4xnq,4xnm,Abs,0_0_16_,H3
870,4xrc,4xnm,Abs,0_0_16_,H3
871,3lzf,3lzf,Abs,0_0_16_,H3
872,6b0s,6b0s,Abs,0_0_16_,H3
873,4irz,4irz,Abs,0_0_16_,H3
874,3h42,3h42,Abs,0_0_16_,H3
875,6glw,6glw,Abs,0_0_16_,H3
876,3wkm,3wkm,Abs,0_0_16_,H3
877,7kez,7kez,Abs,0_0_16_,H3
878,7n3d,7kez,Abs,0_0_16_,H3
879,2qqn,2qqn,Abs,0_0_16_,H3
880,6mfp,6mfp,Abs,0_0_16_,H3
881,6vvu,6vvu,Abs,0_0_16_,H3
882,5e94,5e94,Abs,0_0_16_,H3
883,7djz,7djz,Abs,0_0_16_,H3
884,7or9,7or9,Abs,0_0_16_,H3
885,7qu2,7qu2,Abs,0_0_16_,H3
886,7qiv,7qiv,Nbs,0_0_16_,H3
887,4nc2,7qiv,Nbs,0_0_16_,H3
888,7aqx,7aqx,Nbs,0_0_16_,H3
889,5j1s,5j1s,Nbs,0_0_16_,H3
890,6z1v,6z1v,Nbs,0_0_16_,H3
891,5mzv,6z1v,Nbs,0_0_16_,H3
892,4ios,6z1v,Nbs,0_0_16_,H3
893,6qgy,6z1v,Nbs,0_0_16_,H3
894,4grw,6z1v,Nbs,0_0_16_,H3
895,6dbf,6dbf,Nbs,0_0_16_,H3
896,6u12,6dbf,Nbs,0_0_16_,H3
897,4yga,4yga,Nbs,0_0_16_,H3
898,6qgx,4yga,Nbs,0_0_16_,H3
899,4laj,4laj,Nbs,0_0_16_,H3
900,4hem,4hem,Nbs,0_0_16_,H3
901,7lvw,7lvw,Nbs,0_0_16_,H3
902,6gkd,7lvw,Nbs,0_0_16_,H3
903,4nby,4nby,Nbs,0_0_16_,H3
904,7o06,7o06,Nbs,0_0_16_,H3
905,1kxq,1kxq,Nbs,0_0_16_,H3
906,3p9w,3p9w,Nbs,0_0_16_,H3
907,2bse,2bse,Nbs,0_0_16_,H3
908,5m2i,5m2i,Nbs,0_0_16_,H3
909,4p2c,4p2c,Nbs,0_0_16_,H3
910,6ocd,6ocd,Nbs,0_0_16_,H3
911,4qo1,4qo1,Nbs,0_0_16_,H3
912,4z9k,4z9k,Nbs,0_0_16_,H3
913,6zrv,6zrv,Nbs,0_0_16_,H3
914,7a17,7a17,Nbs,0_0_16_,H3
915,6o3c,6o3c,Nbs,0_0_16_,H3
916,5ikc,5ikc,Abs,0_0_8_,H3
917,5d72,5ikc,Abs,0_0_8_,H3
918,5d71,5ikc,Abs,0_0_8_,H3
919,5vyf,5ikc,Abs,0_0_8_,H3
920,5c7x,5ikc,Abs,0_0_8_,H3
921,4qhu,5ikc,Abs,0_0_8_,H3
922,5nh3,5ikc,Abs,0_0_8_,H3
923,5ngv,5ikc,Abs,0_0_8_,H3
924,2vh5,5ikc,Abs,0_0_8_,H3
925,5d70,5ikc,Abs,0_0_8_,H3
926,6vmj,6vmj,Abs,0_0_8_,H3
927,4d9r,6vmj,Abs,0_0_8_,H3
928,7cj2,7cj2,Abs,0_0_8_,H3
929,7e72,7e72,Abs,0_0_8_,H3
930,3d85,3d85,Abs,0_0_8_,H3
931,5th9,5th9,Abs,0_0_8_,H3
932,7d2z,7d2z,Nbs,0_0_8_,H3
933,5m2j,5m2j,Nbs,0_0_8_,H3
934,7c8v,7c8v,Nbs,0_0_8_,H3
935,5o2u,7c8v,Nbs,0_0_8_,H3
936,7cz0,7c8v,Nbs,0_0_8_,H3
937,7kgk,7c8v,Nbs,0_0_8_,H3
938,3ogo,7c8v,Nbs,0_0_8_,H3
939,6b20,6b20,Nbs,0_0_8_,H3
940,6fv0,6fv0,Nbs,0_0_8_,H3
941,7czd,6fv0,Nbs,0_0_8_,H3
942,5f93,5f93,Nbs,0_0_8_,H3
943,6u54,6u54,Nbs,0_0_8_,H3
944,6lz2,6lz2,Nbs,0_0_8_,H3
945,4s1q,4s1q,Abs,0_0_17_,H3
946,6cyf,6cyf,Abs,0_0_17_,H3
947,5gmq,5gmq,Abs,0_0_17_,H3
948,4jb9,4jb9,Abs,0_0_17_,H3
949,4uu9,4uu9,Abs,0_0_17_,H3
950,6al5,6al5,Abs,0_0_17_,H3
951,5w6g,5w6g,Abs,0_0_17_,H3
952,4m5z,4m5z,Abs,0_0_17_,H3
953,5usl,5usl,Abs,0_0_17_,H3
954,5c0n,5c0n,Abs,0_0_17_,H3
955,7joo,7joo,Abs,0_0_17_,H3
956,7lop,7lop,Abs,0_0_17_,H3
957,4f37,4f37,Abs,0_0_17_,H3
958,2qqk,2qqk,Abs,0_0_17_,H3
959,5kw9,5kw9,Abs,0_0_17_,H3
960,3o0r,3o0r,Abs,0_0_17_,H3
961,4j4p,4j4p,Abs,0_0_17_,H3
962,6u3i,6u3i,Abs,0_0_17_,H3
963,3uc0,3uc0,Abs,0_0_17_,H3
964,5wi9,5wi9,Abs,0_0_17_,H3
965,4hcr,4hcr,Abs,0_0_17_,H3
966,6pi7,6pi7,Abs,0_0_17_,H3
967,3vg9,3vg9,Abs,0_0_17_,H3
968,7jx3,7jx3,Abs,0_0_17_,H3
969,5x2o,5x2o,Abs,0_0_17_,H3
970,7sem,7sem,Abs,0_0_17_,H3
971,6iea,6iea,Abs,0_0_17_,H3
972,3lhp,3lhp,Abs,0_0_17_,H3
973,7mzj,7mzj,Abs,0_0_17_,H3
974,5en2,5en2,Abs,0_0_17_,H3
975,7jmp,7jmp,Abs,0_0_17_,H3
976,6n81,6n81,Abs,0_0_17_,H3
977,6cbv,6cbv,Abs,0_0_17_,H3
978,6mto,6mto,Abs,0_0_17_,H3
979,5xku,5xku,Abs,0_0_17_,H3
980,3hi1,3hi1,Abs,0_0_17_,H3
981,7keo,7keo,Abs,0_0_17_,H3
982,6a67,6a67,Abs,0_0_17_,H3
983,5eii,5eii,Abs,0_0_17_,H3
984,5van,5van,Nbs,0_0_17_,H3
985,6ir1,5van,Nbs,0_0_17_,H3
986,4krm,5van,Nbs,0_0_17_,H3
987,4gft,5van,Nbs,0_0_17_,H3
988,6f2g,5van,Nbs,0_0_17_,H3
989,7olz,5van,Nbs,0_0_17_,H3
990,5u4l,5van,Nbs,0_0_17_,H3
991,5f1k,5van,Nbs,0_0_17_,H3
992,3k80,5van,Nbs,0_0_17_,H3
993,4krl,5van,Nbs,0_0_17_,H3
994,7aqz,7aqz,Nbs,0_0_17_,H3
995,1op9,1op9,Nbs,0_0_17_,H3
996,5o02,5o02,Nbs,0_0_17_,H3
997,4kml,4kml,Nbs,0_0_17_,H3
998,6h02,6h02,Nbs,0_0_17_,H3
999,5nbl,5nbl,Nbs,0_0_17_,H3
1000,6rvc,6rvc,Nbs,0_0_17_,H3
1001,6i8g,6rvc,Nbs,0_0_17_,H3
1002,4kfz,4kfz,Nbs,0_0_17_,H3
1003,5m2m,5m2m,Nbs,0_0_17_,H3
1004,5f7l,5f7l,Nbs,0_0_17_,H3
1005,7nqa,7nqa,Nbs,0_0_17_,H3
1006,4y8d,4y8d,Nbs,0_0_17_,H3
1007,6sge,6sge,Nbs,0_0_17_,H3
1008,4nc0,4nc0,Nbs,0_0_17_,H3
1009,4nc1,4nc0,Nbs,0_0_17_,H3
1010,6hjy,6hjy,Nbs,0_0_17_,H3
1011,2vyr,2vyr,Nbs,0_0_17_,H3
1012,6q0e,6q0e,Abs,0_0_23_,H3
1013,6q0h,6q0e,Abs,0_0_23_,H3
1014,4ydj,4ydj,Abs,0_0_23_,H3
1015,7n4j,7n4j,Abs,0_0_23_,H3
1016,6q18,6q18,Abs,0_0_23_,H3
1017,6q20,6q20,Abs,0_0_23_,H3
1018,5eu7,5eu7,Abs,0_0_23_,H3
1019,6ey6,6ey6,Nbs,0_0_23_,H3
1020,7ldj,7ldj,Nbs,0_0_23_,H3
1021,6vy6,6vy6,Abs,0_0_20_,H3
1022,6oor,6oor,Abs,0_0_20_,H3
1023,6c6z,6c6z,Abs,0_0_20_,H3
1024,7mf1,7mf1,Abs,0_0_20_,H3
1025,7f7e,7f7e,Abs,0_0_20_,H3
1026,5cba,5cba,Abs,0_0_20_,H3
1027,5cbe,5cba,Abs,0_0_20_,H3
1028,3lh2,3lh2,Abs,0_0_20_,H3
1029,4wv1,4wv1,Abs,0_0_20_,H3
1030,6uym,6uym,Abs,0_0_20_,H3
1031,4mwf,6uym,Abs,0_0_20_,H3
1032,6bkb,6uym,Abs,0_0_20_,H3
1033,7ps2,7ps2,Abs,0_0_20_,H3
1034,7cm4,7cm4,Abs,0_0_20_,H3
1035,7tn0,7tn0,Abs,0_0_20_,H3
1036,7l0n,7tn0,Abs,0_0_20_,H3
1037,7bep,7tn0,Abs,0_0_20_,H3
1038,4m62,4m62,Abs,0_0_20_,H3
1039,4ywg,4ywg,Abs,0_0_20_,H3
1040,6wir,6wir,Abs,0_0_20_,H3
1041,5tud,5tud,Abs,0_0_20_,H3
1042,6mtq,6mtq,Abs,0_0_20_,H3
1043,3grw,3grw,Abs,0_0_20_,H3
1044,7rks,7rks,Abs,0_0_20_,H3
1045,7rfb,7rfb,Abs,0_0_20_,H3
1046,7bwj,7bwj,Abs,0_0_20_,H3
1047,7kqg,7kqg,Abs,0_0_20_,H3
1048,7qny,7qny,Abs,0_0_20_,H3
1049,5bjz,5bjz,Abs,0_0_20_,H3
1050,6v7y,6v7y,Nbs,0_0_20_,H3
1051,6do1,6do1,Nbs,0_0_20_,H3
1052,6os0,6do1,Nbs,0_0_20_,H3
1053,6cwg,6cwg,Nbs,0_0_20_,H3
1054,7anq,7anq,Nbs,0_0_20_,H3
1055,6f5g,7anq,Nbs,0_0_20_,H3
1056,6jb2,6jb2,Nbs,0_0_20_,H3
1057,6lr7,6jb2,Nbs,0_0_20_,H3
1058,3rjq,3rjq,Nbs,0_0_20_,H3
1059,7kbk,7kbk,Nbs,0_0_20_,H3
1060,6oyh,6oyh,Nbs,0_0_20_,H3
1061,4dk6,6oyh,Nbs,0_0_20_,H3
1062,4tvs,6oyh,Nbs,0_0_20_,H3
1063,4i1n,4i1n,Nbs,0_0_20_,H3
1064,6oq6,6oq6,Nbs,0_0_20_,H3
1065,5n88,5n88,Nbs,0_0_20_,H3
1066,5ovw,5ovw,Nbs,0_0_20_,H3
1067,4krp,4krp,Abs,0_0_20_,H3
1068,4s10,4s10,Nbs,0_0_20_,H3
1069,5hgg,5hgg,Nbs,0_0_20_,H3
1070,6z2m,6z2m,Abs,0_0_20_,H3
1071,6zcz,6z2m,Nbs,0_0_20_,H3
1072,3stb,3stb,Nbs,0_0_20_,H3
1073,4n1h,4n1h,Nbs,0_0_20_,H3
1074,7oaq,7oaq,Nbs,0_0_20_,H3
1075,6ck9,6ck9,Abs,0_0_26_,H3
1076,6muf,6ck9,Abs,0_0_26_,H3
1077,6mtn,6ck9,Abs,0_0_26_,H3
1078,6wix,6ck9,Abs,0_0_26_,H3
1079,5v7j,6ck9,Abs,0_0_26_,H3
1080,6vzi,6ck9,Abs,0_0_26_,H3
1081,5w0d,5w0d,Abs,0_0_26_,H3
1082,6ml8,6ml8,Abs,0_0_26_,H3
1083,5w08,5w08,Abs,0_0_26_,H3
1084,7d8b,7d8b,Nbs,0_0_26_,H3
1085,7d6y,7d8b,Nbs,0_0_26_,H3
1086,1mel,1mel,Nbs,0_0_26_,H3
1087,5lhn,5lhn,Nbs,0_0_26_,H3
1088,5o0w,5o0w,Nbs,0_0_26_,H3
1089,4lu5,4lu5,Abs,0_0_6_,H3
1090,4okv,4lu5,Abs,0_0_6_,H3
1091,6bit,4lu5,Abs,0_0_6_,H3
1092,3t2n,4lu5,Abs,0_0_6_,H3
1093,2vxt,4lu5,Abs,0_0_6_,H3
1094,5e5m,4lu5,Nbs,0_0_6_,H3
1095,1tpx,1tpx,Abs,0_0_6_,H3
1096,1nsn,1nsn,Abs,0_0_6_,H3
1097,5wt9,1nsn,Abs,0_0_6_,H3
1098,1fj1,1fj1,Abs,0_0_6_,H3
1099,2xxm,2xxm,Nbs,0_0_6_,H3
1100,5ip4,5ip4,Nbs,0_0_6_,H3
1101,3lev,3lev,Abs,0_0_24_,H3
1102,2xtj,2xtj,Abs,0_0_24_,H3
1103,4ot1,4ot1,Abs,0_0_24_,H3
1104,4hep,4hep,Nbs,0_0_24_,H3
1105,6e4x,6e4x,Abs,0_0_22_,H3
1106,6oz2,6oz2,Abs,0_0_22_,H3
1107,6e56,6e56,Abs,0_0_22_,H3
1108,7pr0,7pr0,Abs,0_0_22_,H3
1109,6cw2,6cw2,Abs,0_0_22_,H3
1110,6p3r,6p3r,Abs,0_0_22_,H3
1111,7coe,7coe,Abs,0_0_22_,H3
1112,6wit,6wit,Abs,0_0_22_,H3
1113,7phu,7phu,Abs,0_0_22_,H3
1114,4ydk,4ydk,Abs,0_0_22_,H3
1115,5tfw,5tfw,Abs,0_0_22_,H3
1116,7l7e,7l7e,Abs,0_0_22_,H3
1117,6xkp,6xkp,Abs,0_0_22_,H3
1118,4w6y,4w6y,Nbs,0_0_22_,H3
1119,6fyw,6fyw,Nbs,0_0_22_,H3
1120,4lhq,4lhq,Nbs,0_0_22_,H3
1121,5e1h,4lhq,Nbs,0_0_22_,H3
1122,4lgs,4lhq,Nbs,0_0_22_,H3
1123,7na9,7na9,Nbs,0_0_22_,H3
1124,4y7m,4y7m,Nbs,0_0_22_,H3
1125,6rnk,6rnk,Nbs,0_0_22_,H3
1126,4fhb,4fhb,Nbs,0_0_22_,H3
1127,5yy5,5yy5,Abs,0_0_5_,H3
1128,5c3l,5yy5,Nbs,0_0_5_,H3
1129,6ssi,5yy5,Nbs,0_0_5_,H3
1130,2q8a,2q8a,Abs,0_0_5_,H3
1131,7lzp,7lzp,Nbs,0_0_5_,H3
1132,6oq7,6oq7,Nbs,0_0_5_,H3
1133,3zkx,6oq7,Nbs,0_0_5_,H3
1134,5l21,5l21,Nbs,0_0_5_,H3
1135,7d5u,7d5u,Nbs,0_0_5_,H3
1136,4bel,7d5u,Nbs,0_0_5_,H3
