,pdb,cdr1_cluster,cdr2_cluster,cdr3_cluster,cdr4_cluster,Ig_ID
0,1AHW,H1-13-1,H2-10-*,H3-10-*,H4-8-1,Abs
2,1AR1,H1-13-1,H2-10-2,H3-11-*,H4-8-1,Abs
3,1BGX,H1-14-*,H2-9-*,H3-12-*,H4-8-1,Abs
4,1BJ1,H1-13-1,H2-10-1,H3-16-*,H4-8-1,Abs
6,1CZ8,H1-13-1,H2-10-1,H3-16-*,H4-8-1,Abs
8,1E6J,H1-13-1,H2-10-1,H3-13-*,H4-8-1,Abs
9,1EGJ,H1-13-1,H2-10-1,H3-12-*,H4-8-1,Abs
10,1FBI,H1-13-1,H2-10-1,H3-15-*,H4-8-1,Abs
12,1FDL,H1-13-1,H2-9-1,H3-10-1,H4-8-1,Abs
13,1FE8,H1-13-1,H2-9-1,H3-9-2,H4-8-1,Abs
16,1FJ1,H1-13-*,H2-10-1,H3-6-*,H4-8-1,Abs
18,1FSK,H1-13-1,H2-10-3,H3-11-*,H4-8-1,Abs
22,1G7I,H1-13-1,H2-9-1,H3-10-1,H4-8-1,Abs
23,1GC1,H1-13-1,H2-10-1,H3-21-*,H4-8-1,Abs
24,1H0D,H1-13-1,H2-10-2,H3-14-*,H4-8-1,Abs
25,1IC4,H1-13-4,H2-9-1,H3-7-1,H4-8-1,Abs
26,1IC5,H1-13-1,H2-9-1,H3-7-1,H4-8-1,Abs
27,1IQD,H1-13-1,H2-10-1,H3-10-*,H4-8-1,Abs
28,1J1O,H1-13-1,H2-9-1,H3-7-1,H4-8-1,Abs
29,1J1P,H1-13-1,H2-9-1,H3-7-1,H4-8-1,Abs
30,1J1X,H1-13-1,H2-9-1,H3-7-1,H4-8-1,Abs
31,1JHL,H1-13-1,H2-10-1,H3-11-*,H4-8-1,Abs
32,1JPS,H1-13-1,H2-10-1,H3-10-*,H4-8-1,Abs
33,1JRH,H1-15-1,H2-9-1,H3-14-*,H4-8-1,Abs
34,1KB5,H1-13-1,H2-10-1,H3-12-*,H4-8-1,Abs
35,1LK3,H1-13-1,H2-10-1,H3-12-3,H4-8-1,Abs
37,1MHP,H1-13-1,H2-9-1,H3-12-*,H4-8-1,Abs
39,1MLC,H1-13-1,H2-10-3,H3-9-*,H4-8-1,Abs
41,1N6Q,H1-15-2,H2-9-1,H3-15-*,H4-8-1,Abs
42,1N8Z,H1-13-1,H2-10-1,H3-13-*,H4-8-1,Abs
43,1NCA,H1-13-1,H2-10-1,H3-13-*,H4-8-1,Abs
44,1NDG,H1-13-1,H2-9-1,H3-7-1,H4-8-1,Abs
45,1NDM,H1-13-1,H2-9-1,H3-7-1,H4-8-1,Abs
46,1NFD,H1-13-1,H2-12-1,H3-11-*,H4-8-1,Abs
48,1NMC,H1-13-1,H2-10-1,H3-15-*,H4-8-1,Abs
50,1NSN,H1-14-*,H2-9-1,H3-6-*,H4-8-1,Abs
51,1OAK,H1-13-1,H2-9-1,H3-16-*,H4-8-1,Abs
52,1OAZ,H1-13-1,H2-10-6,H3-13-*,H4-8-1,Abs
54,1OB1,H1-13-1,H2-10-1,H3-13-*,H4-8-1,Abs
56,1ORS,H1-14-1,H2-9-1,H3-11-*,H4-8-1,Abs
57,1OSP,H1-13-*,H2-9-*,H3-14-*,H4-8-1,Abs
58,1P2C,H1-13-1,H2-10-3,H3-9-*,H4-8-1,Abs
60,1PKQ,H1-13-1,H2-10-3,H3-11-*,H4-8-1,Abs
62,1RJL,H1-13-1,H2-10-1,H3-13-*,H4-8-1,Abs
63,1SY6,H1-13-1,H2-10-1,H3-12-1,H4-8-1,Abs
64,1TPX,H1-13-1,H2-10-1,H3-6-1,H4-8-1,Abs
65,1TZH,H1-13-1,H2-10-1,H3-15-*,H4-8-1,Abs
67,1UA6,H1-13-1,H2-9-1,H3-7-1,H4-8-1,Abs
68,1UAC,H1-13-1,H2-9-1,H3-7-1,H4-8-1,Abs
69,1UJ3,H1-13-1,H2-10-1,H3-10-*,H4-8-1,Abs
70,1V7M,H1-13-1,H2-12-1,H3-7-*,H4-8-1,Abs
72,1VFB,H1-13-1,H2-9-1,H3-10-1,H4-8-1,Abs
73,1WEJ,H1-13-1,H2-10-1,H3-10-*,H4-8-1,Abs
74,1XGR,H1-13-1,H2-9-1,H3-7-1,H4-8-1,Abs
75,1YJD,H1-13-1,H2-10-3,H3-13-*,H4-8-1,Abs
76,1YQV,H1-13-1,H2-10-3,H3-9-*,H4-8-1,Abs
77,1ZTX,H1-13-1,H2-10-1,H3-12-*,H4-8-1,Abs
78,2ADF,H1-13-1,H2-10-1,H3-11-*,H4-8-1,Abs
79,2AEP,H1-13-1,H2-12-1,H3-11-*,H4-8-1,Abs
80,2ARJ,H1-13-1,H2-9-1,H3-11-*,H4-8-1,Abs
82,2BDN,H1-13-1,H2-10-1,H3-10-*,H4-8-1,Abs
83,2CMR,H1-13-*,H2-10-1,H3-12-1,H4-8-1,Abs
84,2DD8,H1-13-*,H2-10-1,H3-11-1,H4-8-*,Abs
85,2DQC,H1-13-1,H2-9-1,H3-7-1,H4-8-1,Abs
86,2DQF,H1-13-1,H2-9-1,H3-7-1,H4-8-1,Abs
88,2DQG,H1-13-1,H2-9-1,H3-7-1,H4-8-1,Abs
89,2EKS,H1-13-1,H2-9-1,H3-7-1,H4-8-1,Abs
90,2FJG,H1-13-1,H2-10-*,H3-13-*,H4-8-1,Abs
92,2HMI,H1-15-*,H2-9-1,H3-15-*,H4-8-1,Abs
93,2J88,H1-15-1,H2-9-1,H3-9-*,H4-8-1,Abs
94,2JEL,H1-13-1,H2-10-1,H3-11-*,H4-8-1,Abs
95,2NR6,H1-13-1,H2-10-1,H3-9-2,H4-8-1,Abs
97,2NY3,H1-13-1,H2-10-1,H3-21-*,H4-8-1,Abs
98,2NYY,H1-13-1,H2-10-2,H3-11-*,H4-8-1,Abs
99,2OZ4,H1-13-1,H2-10-1,H3-7-*,H4-8-1,Abs
100,2Q8A,H1-13-1,H2-10-1,H3-5-*,H4-8-1,Abs
101,2QQK,H1-13-4,H2-10-1,H3-17-*,H4-8-1,Abs
102,2QQN,H1-13-1,H2-10-4,H3-16-*,H4-8-1,Abs
103,2R0L,H1-13-*,H2-10-1,H3-10-*,H4-8-1,Abs
104,2R29,H1-13-*,H2-10-1,H3-9-*,H4-8-*,Abs
105,2R56,H1-13-1,H2-10-2,H3-14-*,H4-8-*,Abs
107,2VDM,H1-13-1,H2-10-1,H3-12-*,H4-8-1,Abs
108,2VH5,H1-13-1,H2-10-2,H3-8-2,H4-8-1,Abs
109,2VXQ,H1-15-*,H2-9-1,H3-10-*,H4-8-1,Abs
110,2VXS,H1-13-1,H2-10-2,H3-11-*,H4-8-1,Abs
114,2VXT,H1-13-1,H2-10-1,H3-6-2,H4-8-1,Abs
115,2W9E,H1-13-*,H2-10-*,H3-9-*,H4-8-1,Abs
116,2WUB,H1-13-1,H2-10-1,H3-10-*,H4-8-1,Abs
118,2XQB,H1-13-1,H2-10-1,H3-18-*,H4-8-1,Abs
119,2XQY,H1-13-1,H2-10-1,H3-11-1,H4-8-1,Abs
121,2XRA,H1-13-*,H2-10-1,H3-15-*,H4-8-1,Abs
122,2XTJ,H1-13-*,H2-10-1,H3-24-*,H4-8-1,Abs
123,2XWT,H1-13-1,H2-10-1,H3-12-*,H4-8-1,Abs
124,2YBR,H1-13-1,H2-10-4,H3-10-1,H4-8-1,Abs
127,2YPV,H1-13-1,H2-10-1,H3-12-*,H4-8-1,Abs
128,2YSS,H1-13-*,H2-9-1,H3-7-1,H4-8-1,Abs
129,2ZCH,H1-13-1,H2-10-1,H3-15-*,H4-8-1,Abs
130,3A67,H1-13-1,H2-9-1,H3-7-1,H4-8-1,Abs
131,3A6B,H1-13-1,H2-9-1,H3-7-1,H4-8-1,Abs
132,3A6C,H1-13-1,H2-9-1,H3-7-1,H4-8-1,Abs
133,3B2U,H1-15-2,H2-9-1,H3-13-*,H4-8-1,Abs
141,3B9K,H1-13-1,H2-9-1,H3-11-*,H4-8-1,Abs
143,3BDY,H1-13-1,H2-10-1,H3-13-*,H4-8-1,Abs
144,3BE1,H1-13-1,H2-10-1,H3-13-*,H4-8-1,Abs
145,3BGF,H1-13-1,H2-10-1,H3-14-*,H4-8-1,Abs
147,3BN9,H1-13-1,H2-10-2,H3-21-*,H4-8-1,Abs
149,3BT2,H1-13-1,H2-10-*,H3-11-1,H4-8-1,Abs
150,3D85,H1-13-1,H2-10-1,H3-8-*,H4-8-1,Abs
151,3DVN,H1-13-1,H2-10-1,H3-13-*,H4-8-1,Abs
153,3EJZ,H1-13-4,H2-10-2,H3-14-*,H4-8-1,Abs
155,3EOA,H1-13-1,H2-10-1,H3-14-*,H4-8-1,Abs
157,3G04,H1-13-1,H2-10-1,H3-14-*,H4-8-1,Abs
158,3GRW,H1-13-*,H2-10-*,H3-20-*,H4-8-1,Abs
159,3H42,H1-13-1,H2-10-2,H3-16-*,H4-8-1,Abs
160,3HI1,H1-13-4,H2-9-1,H3-17-*,H4-8-1,Abs
162,3HI6,H1-13-1,H2-10-6,H3-13-*,H4-8-1,Abs
164,3HMX,H1-13-1,H2-10-*,H3-12-*,H4-8-1,Abs
165,3I50,H1-13-1,H2-12-1,H3-12-*,H4-8-1,Abs
166,3IU3,H1-13-1,H2-10-1,H3-10-*,H4-8-1,Abs
169,3JWD,H1-13-1,H2-10-1,H3-12-*,H4-8-1,Abs
171,3K2U,H1-13-1,H2-10-1,H3-11-*,H4-8-1,Abs
172,3KR3,H1-13-1,H2-10-2,H3-15-*,H4-8-1,Abs
173,3KS0,H1-13-*,H2-9-1,H3-11-*,H4-8-1,Abs
175,3L5W,H1-15-1,H2-9-1,H3-13-2,H4-8-*,Abs
177,3L95,H1-13-1,H2-10-1,H3-12-*,H4-8-1,Abs
179,3LD8,H1-13-1,H2-9-1,H3-12-3,H4-8-1,Abs
180,3LEV,H1-15-1,H2-9-1,H3-24-*,H4-8-1,Abs
181,3LH2,H1-13-*,H2-10-1,H3-20-*,H4-8-1,Abs
185,3LHP,H1-13-*,H2-10-1,H3-20-*,H4-8-1,Abs
187,3LIZ,H1-13-1,H2-10-2,H3-12-*,H4-8-1,Abs
188,3LZF,H1-15-*,H2-12-*,H3-16-*,H4-8-1,Abs
189,3MA9,H1-13-1,H2-10-1,H3-14-*,H4-8-1,Abs
190,3MAC,H1-13-1,H2-10-1,H3-14-*,H4-8-1,Abs
191,3MJ9,H1-13-1,H2-9-1,H3-10-2,H4-8-1,Abs
192,3MXW,H1-13-1,H2-10-1,H3-12-*,H4-8-1,Abs
193,3NFP,H1-13-1,H2-10-1,H3-9-*,H4-8-1,Abs
195,3NGB,H1-13-1,H2-10-6,H3-14-*,H4-8-1,Abs
199,3NH7,H1-13-1,H2-10-2,H3-13-*,H4-8-*,Abs
203,3NPS,H1-13-*,H2-10-*,H3-19-*,H4-8-1,Abs
204,3O0R,H1-13-1,H2-10-1,H3-17-*,H4-8-1,Abs
205,3O2D,H1-13-1,H2-10-1,H3-15-*,H4-8-1,Abs
206,3P0Y,H1-13-4,H2-10-6,H3-14-*,H4-8-1,Abs
207,3PGF,H1-13-1,H2-10-1,H3-13-*,H4-8-1,Abs
208,3PNW,H1-13-1,H2-10-1,H3-19-*,H4-8-1,Abs
216,3Q1S,H1-13-4,H2-9-1,H3-19-*,H4-8-1,Abs
217,3QA3,H1-13-*,H2-10-1,H3-15-*,H4-8-1,Abs
221,3QWO,H1-13-*,H2-9-1,H3-12-1,H4-8-1,Abs
223,3R1G,H1-13-4,H2-10-*,H3-12-*,H4-8-1,Abs
224,3RKD,H1-15-1,H2-9-1,H3-16-*,H4-8-1,Abs
226,3S35,H1-13-1,H2-10-1,H3-10-*,H4-8-1,Abs
227,3S37,H1-13-1,H2-10-2,H3-9-*,H4-8-1,Abs
228,3SDY,H1-13-1,H2-10-1,H3-15-*,H4-8-1,Abs
229,3SE8,H1-13-1,H2-10-1,H3-16-*,H4-15-*,Abs
230,3SE9,H1-14-*,H2-10-*,H3-16-*,H4-8-1,Abs
231,3SKJ,H1-13-1,H2-10-2,H3-21-*,H4-8-1,Abs
233,3SO3,H1-13-1,H2-10-2,H3-18-*,H4-8-1,Abs
234,3SOB,H1-13-1,H2-10-1,H3-19-*,H4-8-1,Abs
235,3SQO,H1-13-1,H2-10-6,H3-11-*,H4-8-1,Abs
236,3T2N,H1-13-1,H2-10-1,H3-6-1,H4-8-1,Abs
238,3THM,H1-15-*,H2-14-*,H3-19-*,H4-8-1,Abs
239,3TJE,H1-15-*,H2-14-*,H3-19-*,H4-8-1,Abs
240,3U30,H1-13-4,H2-10-1,H3-12-*,H4-8-1,Abs
242,3U7Y,H1-13-1,H2-10-6,H3-18-*,H4-8-1,Abs
243,3U9P,H1-13-1,H2-9-1,H3-13-*,H4-8-1,Abs
245,3UC0,H1-13-1,H2-9-*,H3-17-*,H4-8-1,Abs
247,3V6O,H1-13-1,H2-9-1,H3-11-*,H4-8-1,Abs
249,3VG9,H1-13-1,H2-10-1,H3-17-*,H4-8-1,Abs
250,3VI3,H1-13-1,H2-10-*,H3-11-*,H4-8-1,Abs
252,3W9E,H1-13-*,H2-10-1,H3-15-*,H4-8-*,Abs
253,3WIH,H1-13-1,H2-10-1,H3-12-*,H4-8-1,Abs
255,3WKM,H1-13-1,H2-10-1,H3-16-*,H4-8-1,Abs
257,3X3F,H1-13-1,H2-10-1,H3-19-*,H4-8-1,Abs
258,3ZKN,H1-13-1,H2-9-1,H3-10-2,H4-8-1,Abs
260,4AEI,H1-13-1,H2-10-2,H3-13-*,H4-8-1,Abs
263,4AG4,H1-13-1,H2-10-6,H3-9-*,H4-8-1,Abs
264,4AL8,H1-13-1,H2-10-1,H3-10-*,H4-8-1,Abs
265,4ALA,H1-13-1,H2-10-1,H3-10-*,H4-8-1,Abs
266,4BZ1,H1-13-1,H2-10-3,H3-10-1,H4-8-1,Abs
267,4BZ2,H1-13-1,H2-10-6,H3-14-*,H4-8-1,Abs
268,4CAD,H1-13-1,H2-10-3,H3-18-*,H4-8-1,Abs
272,4CMH,H1-13-1,H2-10-1,H3-13-*,H4-8-1,Abs
273,4CNI,H1-13-1,H2-12-1,H3-11-1,H4-8-1,Abs
275,4D3C,H1-13-*,H2-10-1,H3-9-*,H4-8-1,Abs
276,4D9R,H1-13-1,H2-10-1,H3-8-*,H4-8-1,Abs
278,4DGI,H1-13-1,H2-10-1,H3-12-3,H4-8-1,Abs
279,4DKE,H1-13-1,H2-10-1,H3-15-*,H4-8-1,Abs
281,4DKF,H1-13-1,H2-10-1,H3-11-*,H4-8-1,Abs
283,4DN4,H1-13-*,H2-10-1,H3-12-1,H4-8-1,Abs
284,4DTG,H1-13-1,H2-10-2,H3-14-*,H4-8-1,Abs
285,4DW2,H1-13-1,H2-9-1,H3-11-*,H4-8-1,Abs
286,4EDW,H1-13-1,H2-9-1,H3-15-*,H4-8-1,Abs
287,4EDX,H1-13-1,H2-9-1,H3-15-*,H4-8-1,Abs
289,4ETQ,H1-13-1,H2-10-1,H3-12-*,H4-8-1,Abs
291,4F15,H1-13-*,H2-10-*,H3-15-*,H4-8-1,Abs
295,4F2M,H1-13-1,H2-10-1,H3-15-*,H4-8-1,Abs
297,4F37,H1-15-*,H2-9-1,H3-17-*,H4-8-1,Abs
299,4F3F,H1-13-1,H2-10-1,H3-12-*,H4-8-1,Abs
300,4FFV,H1-13-1,H2-10-1,H3-10-*,H4-8-1,Abs
302,4FFY,H1-13-1,H2-10-1,H3-11-*,H4-8-1,Abs
303,4FQJ,H1-13-1,H2-10-1,H3-18-*,H4-8-1,Abs
304,4G3Y,H1-13-1,H2-12-*,H3-11-*,H4-8-1,Abs
305,4G6J,H1-13-1,H2-10-2,H3-11-*,H4-8-1,Abs
306,4G6M,H1-15-1,H2-9-1,H3-12-*,H4-8-1,Abs
307,4G7V,H1-13-1,H2-10-1,H3-12-*,H4-8-1,Abs
308,4GMS,H1-13-1,H2-10-1,H3-11-*,H4-8-1,Abs
311,4H88,H1-13-1,H2-10-1,H3-12-3,H4-8-1,Abs
312,4HC1,H1-14-1,H2-9-1,H3-11-*,H4-8-1,Abs
314,4HCR,H1-13-1,H2-10-1,H3-17-*,H4-8-1,Abs
316,4HJ0,H1-13-*,H2-10-*,H3-12-*,H4-8-1,Abs
318,4HKX,H1-13-1,H2-10-1,H3-19-*,H4-8-1,Abs
319,4HLZ,H1-13-*,H2-12-1,H3-13-*,H4-8-1,Abs
322,4HT1,H1-13-1,H2-10-1,H3-13-*,H4-8-*,Abs
323,4HWB,H1-13-1,H2-10-1,H3-11-1,H4-8-1,Abs
324,4I2X,H1-13-1,H2-10-3,H3-12-*,H4-8-1,Abs
326,4I3R,H1-14-*,H2-10-*,H3-16-*,H4-8-1,Abs
327,4I77,H1-13-1,H2-9-1,H3-12-*,H4-8-1,Abs
328,4IJ3,H1-13-*,H2-9-1,H3-12-*,H4-8-1,Abs
329,4IRZ,H1-13-1,H2-10-1,H3-16-*,H4-8-1,Abs
330,4J4P,H1-15-*,H2-11-*,H3-17-*,H4-8-1,Abs
332,4J6R,H1-13-1,H2-10-1,H3-14-*,H4-8-1,Abs
333,4JB9,H1-13-1,H2-10-1,H3-17-*,H4-15-*,Abs
334,4JKP,H1-13-1,H2-10-1,H3-18-*,H4-8-1,Abs
335,4JLR,H1-13-*,H2-9-1,H3-12-1,H4-8-1,Abs
337,4JPK,H1-13-1,H2-10-1,H3-14-*,H4-8-1,Abs
338,4JPV,H1-13-*,H2-10-1,H3-12-*,H4-12-*,Abs
339,4JPW,H1-13-*,H2-10-1,H3-15-*,H4-8-1,Abs
340,4JQI,H1-13-1,H2-10-1,H3-13-*,H4-8-1,Abs
341,4JRE,H1-13-1,H2-10-1,H3-11-*,H4-8-1,Abs
343,4JZJ,H1-13-1,H2-10-1,H3-13-*,H4-8-1,Abs
345,4K2U,H1-13-1,H2-10-1,H3-14-*,H4-8-1,Abs
347,4K3J,H1-13-1,H2-10-1,H3-12-*,H4-8-1,Abs
348,4K94,H1-13-1,H2-10-1,H3-10-1,H4-8-1,Abs
349,4K9E,H1-13-1,H2-10-1,H3-10-1,H4-8-1,Abs
350,4KHT,H1-13-*,H2-10-1,H3-14-*,H4-8-1,Abs
351,4KHX,H1-13-1,H2-10-1,H3-14-*,H4-8-1,Abs
352,4KI5,H1-13-*,H2-10-1,H3-9-*,H4-8-1,Abs
354,4KK9,H1-13-4,H2-10-2,H3-14-*,H4-8-1,Abs
356,4KRP,H1-13-*,H2-10-*,H3-20-*,H4-8-*,Abs
358,4KUC,H1-13-1,H2-10-1,H3-14-*,H4-8-1,Abs
360,4KV5,H1-13-*,H2-10-1,H3-13-*,H4-8-1,Abs
364,4KXZ,H1-13-*,H2-10-3,H3-13-*,H4-8-1,Abs
368,4L5F,H1-13-1,H2-10-1,H3-10-*,H4-8-1,Abs
369,4LEO,H1-13-1,H2-10-1,H3-13-2,H4-8-1,Abs
370,4LF3,H1-13-1,H2-10-*,H3-21-*,H4-8-1,Abs
372,4LIQ,H1-13-1,H2-9-1,H3-10-*,H4-8-1,Abs
373,4LMQ,H1-13-1,H2-9-*,H3-14-*,H4-8-1,Abs
375,4LOU,H1-13-4,H2-10-2,H3-14-*,H4-8-1,Abs
377,4LQF,H1-13-1,H2-10-2,H3-10-1,H4-8-1,Abs
378,4LSQ,H1-22-*,H2-10-1,H3-15-*,H4-8-*,Abs
379,4LSS,H1-13-1,H2-10-1,H3-14-*,H4-8-1,Abs
380,4LST,H1-13-1,H2-10-1,H3-14-*,H4-8-1,Abs
381,4LSU,H1-13-1,H2-10-1,H3-15-*,H4-8-1,Abs
382,4LSV,H1-13-1,H2-10-1,H3-12-*,H4-12-*,Abs
383,4LU5,H1-13-1,H2-10-4,H3-6-1,H4-8-1,Abs
385,4LVH,H1-13-*,H2-10-*,H3-15-*,H4-8-1,Abs
389,4LVN,H1-14-1,H2-9-1,H3-13-*,H4-8-1,Abs
390,4M1G,H1-13-1,H2-9-1,H3-12-*,H4-8-1,Abs
391,4M5Z,H1-14-2,H2-9-1,H3-17-*,H4-8-1,Abs
392,4M62,H1-13-1,H2-10-1,H3-20-*,H4-8-1,Abs
394,4M8Q,H1-13-1,H2-10-1,H3-20-*,H4-8-1,Abs
396,4MWF,H1-13-*,H2-10-1,H3-20-*,H4-8-1,Abs
398,4NNP,H1-13-*,H2-10-1,H3-21-*,H4-8-*,Abs
400,4NP4,H1-13-1,H2-10-1,H3-12-*,H4-8-*,Abs
402,4O9H,H1-13-1,H2-10-2,H3-11-*,H4-8-*,Abs
403,4OGX,H1-13-*,H2-10-*,H3-15-*,H4-8-1,Abs
404,4OGY,H1-13-*,H2-10-*,H3-15-*,H4-8-1,Abs
406,4OII,H1-13-1,H2-10-1,H3-10-*,H4-8-1,Abs
408,4OKV,H1-13-1,H2-10-1,H3-6-1,H4-8-1,Abs
410,4OM0,H1-13-1,H2-10-1,H3-18-*,H4-8-1,Abs
411,4OT1,H1-13-1,H2-10-1,H3-24-*,H4-8-1,Abs
412,4PLJ,H1-13-1,H2-10-1,H3-16-*,H4-8-1,Abs
414,4PY8,H1-13-*,H2-10-*,H3-15-*,H4-8-1,Abs
415,4QCI,H1-13-1,H2-10-2,H3-13-2,H4-8-1,Abs
417,4QHU,H1-13-1,H2-10-*,H3-8-2,H4-8-1,Abs
419,4QNP,H1-13-1,H2-12-1,H3-15-*,H4-8-1,Abs
421,4QTI,H1-13-1,H2-10-*,H3-15-*,H4-8-1,Abs
422,4QWW,H1-13-1,H2-12-1,H3-16-*,H4-8-1,Abs
424,4R8W,H1-13-*,H2-10-1,H3-19-*,H4-8-*,Abs
425,4RDQ,H1-13-1,H2-10-1,H3-9-*,H4-8-1,Abs
430,4RGM,H1-13-1,H2-10-1,H3-14-*,H4-8-1,Abs
432,4RGN,H1-13-1,H2-9-1,H3-14-*,H4-8-1,Abs
436,4RRP,H1-13-1,H2-10-1,H3-12-*,H4-8-1,Abs
442,4RWY,H1-13-*,H2-9-1,H3-18-*,H4-8-1,Abs
443,4S1Q,H1-13-1,H2-10-1,H3-17-*,H4-15-*,Abs
444,4TSA,H1-13-1,H2-9-1,H3-11-*,H4-8-1,Abs
445,4TSB,H1-13-1,H2-9-1,H3-11-*,H4-8-1,Abs
446,4TTD,H1-13-1,H2-9-1,H3-11-*,H4-8-1,Abs
448,4U6V,H1-13-1,H2-9-1,H3-16-*,H4-8-1,Abs
450,4UTA,H1-13-1,H2-10-2,H3-15-*,H4-8-1,Abs
452,4UU9,H1-13-1,H2-10-2,H3-17-*,H4-8-1,Abs
454,4UV7,H1-13-1,H2-10-2,H3-15-*,H4-8-1,Abs
455,4WV1,H1-13-*,H2-10-1,H3-20-*,H4-8-1,Abs
457,4XAK,H1-13-*,H2-10-1,H3-18-*,H4-8-1,Abs
459,4XMP,H1-13-1,H2-10-6,H3-25-*,H4-8-1,Abs
460,4XNM,H1-14-*,H2-9-1,H3-16-*,H4-8-1,Abs
462,4XNQ,H1-14-*,H2-9-1,H3-16-*,H4-8-1,Abs
464,4XNY,H1-13-1,H2-10-6,H3-25-*,H4-8-1,Abs
465,4XPH,H1-13-1,H2-10-2,H3-12-*,H4-8-1,Abs
466,4XRC,H1-14-*,H2-9-1,H3-16-*,H4-8-1,Abs
468,4XVS,H1-13-1,H2-10-6,H3-18-*,H4-8-1,Abs
469,4XVT,H1-13-1,H2-10-6,H3-18-*,H4-8-1,Abs
470,4XVU,H1-13-1,H2-10-1,H3-12-*,H4-8-1,Abs
474,4XWO,H1-13-1,H2-10-1,H3-12-*,H4-8-1,Abs
482,4Y5V,H1-13-1,H2-10-2,H3-11-*,H4-8-1,Abs
485,4Y5Y,H1-13-*,H2-10-*,H3-11-*,H4-8-1,Abs
487,4YDJ,H1-18-*,H2-10-*,H3-23-*,H4-8-*,Abs
489,4YDK,H1-13-1,H2-10-2,H3-22-*,H4-8-1,Abs
490,4YDL,H1-13-1,H2-10-6,H3-12-*,H4-8-1,Abs
492,4YE4,H1-13-1,H2-9-1,H3-21-*,H4-8-1,Abs
493,4YPG,H1-13-1,H2-10-1,H3-9-*,H4-8-1,Abs
495,4YQX,H1-13-1,H2-10-1,H3-14-*,H4-8-1,Abs
497,4YUE,H1-13-1,H2-10-1,H3-16-*,H4-8-1,Abs
498,4YWG,H1-13-*,H2-9-1,H3-20-*,H4-8-1,Abs
500,4YX2,H1-13-1,H2-10-1,H3-12-3,H4-8-1,Abs
501,4Z5R,H1-13-1,H2-10-*,H3-10-*,H4-8-1,Abs
509,4Z7N,H1-13-1,H2-10-1,H3-12-*,H4-8-1,Abs
511,4ZFF,H1-13-1,H2-10-*,H3-13-*,H4-8-1,Abs
513,4ZFG,H1-13-1,H2-10-6,H3-13-*,H4-8-1,Abs
514,4ZPT,H1-13-1,H2-10-2,H3-9-2,H4-8-1,Abs
516,4ZS7,H1-15-*,H2-9-1,H3-14-*,H4-8-1,Abs
517,4ZSO,H1-13-1,H2-10-3,H3-14-*,H4-8-1,Abs
519,5A3I,H1-13-1,H2-10-1,H3-18-*,H4-8-1,Abs
521,5ANM,H1-13-1,H2-10-1,H3-14-*,H4-8-1,Abs
524,5B3J,H1-13-*,H2-10-*,H3-15-*,H4-8-1,Abs
526,5B71,H1-14-*,H2-10-1,H3-15-*,H4-8-1,Abs
528,5BJZ,H1-13-1,H2-10-*,H3-20-*,H4-8-1,Abs
530,5BK1,H1-13-1,H2-10-1,H3-18-*,H4-8-1,Abs
532,5BK2,H1-13-1,H2-10-1,H3-19-*,H4-8-1,Abs
534,5BO1,H1-13-*,H2-10-6,H3-9-*,H4-8-1,Abs
536,5BV7,H1-13-1,H2-10-2,H3-19-*,H4-8-1,Abs
538,5C0N,H1-13-1,H2-9-1,H3-17-*,H4-6-1,Abs
540,5C7X,H1-13-1,H2-12-*,H3-8-2,H4-8-1,Abs
542,5CBA,H1-13-*,H2-10-1,H3-20-*,H4-8-1,Abs
544,5CBE,H1-13-*,H2-10-1,H3-20-*,H4-8-1,Abs
546,5CZX,H1-13-*,H2-10-1,H3-12-*,H4-8-1,Abs
548,5D70,H1-13-1,H2-10-2,H3-8-2,H4-8-1,Abs
549,5D71,H1-13-1,H2-10-2,H3-8-2,H4-8-1,Abs
550,5D72,H1-13-1,H2-12-1,H3-8-2,H4-8-1,Abs
552,5D8J,H1-13-1,H2-10-3,H3-12-*,H4-8-1,Abs
553,5D96,H1-13-1,H2-9-1,H3-12-*,H4-8-1,Abs
555,5DFV,H1-13-1,H2-10-1,H3-13-*,H4-8-1,Abs
557,5DO2,H1-13-1,H2-10-*,H3-9-*,H4-8-1,Abs
559,5DUR,H1-15-*,H2-9-1,H3-13-*,H4-8-1,Abs
561,5E94,H1-14-*,H2-9-1,H3-16-*,H4-8-1,Abs
563,5EII,H1-13-1,H2-10-1,H3-17-*,H4-8-1,Abs
565,5EN2,H1-13-1,H2-10-1,H3-17-*,H4-8-1,Abs
566,5EU7,H1-13-1,H2-10-1,H3-23-*,H4-8-1,Abs
568,5F3H,H1-13-1,H2-10-2,H3-9-*,H4-8-1,Abs
572,5F96,H1-13-1,H2-10-1,H3-15-*,H4-8-1,Abs
573,5F9O,H1-13-1,H2-10-1,H3-15-*,H4-8-1,Abs
574,5F9W,H1-13-1,H2-10-*,H3-15-*,H4-8-1,Abs
576,5FB8,H1-13-1,H2-10-1,H3-14-*,H4-8-1,Abs
577,5FCU,H1-13-*,H2-10-*,H3-16-*,H4-8-1,Abs
578,5GGS,H1-13-*,H2-10-1,H3-13-*,H4-8-1,Abs
580,5GGT,H1-13-*,H2-10-1,H3-16-*,H4-8-1,Abs
581,5GGV,H1-13-1,H2-10-2,H3-18-*,H4-8-1,Abs
582,5GJS,H1-13-1,H2-9-*,H3-15-*,H4-8-1,Abs
583,5GMQ,H1-13-*,H2-10-*,H3-17-*,H4-8-1,Abs
584,5GZO,H1-14-2,H2-9-1,H3-12-*,H4-8-1,Abs
586,5H35,H1-13-*,H2-10-3,H3-13-*,H4-8-1,Abs
589,5HBT,H1-13-1,H2-9-1,H3-14-*,H4-8-1,Abs
590,5HDQ,H1-13-1,H2-10-1,H3-13-*,H4-8-1,Abs
591,5HYS,H1-14-1,H2-9-1,H3-14-2,H4-8-1,Abs
595,5I9Q,H1-13-1,H2-10-1,H3-12-*,H4-8-1,Abs
597,5IES,H1-13-1,H2-10-1,H3-11-1,H4-8-1,Abs
598,5IKC,H1-13-1,H2-10-1,H3-8-2,H4-8-1,Abs
600,5JHL,H1-13-*,H2-10-1,H3-10-*,H4-8-1,Abs
601,5JQ6,H1-13-1,H2-9-1,H3-15-*,H4-8-1,Abs
602,5JXE,H1-13-1,H2-10-1,H3-13-*,H4-8-1,Abs
604,5K59,H1-15-*,H2-9-1,H3-11-*,H4-8-1,Abs
606,5K9K,H1-15-2,H2-11-1,H3-16-*,H4-8-1,Abs
608,5K9Q,H1-13-1,H2-10-1,H3-21-*,H4-8-1,Abs
614,5KAN,H1-13-4,H2-10-1,H3-21-*,H4-8-*,Abs
617,5KJR,H1-15-*,H2-9-*,H3-14-*,H4-8-*,Abs
618,5KVD,H1-13-1,H2-10-1,H3-13-*,H4-8-1,Abs
619,5KVE,H1-13-1,H2-10-1,H3-9-*,H4-8-1,Abs
620,5KVF,H1-13-1,H2-10-1,H3-12-*,H4-8-1,Abs
621,5KVG,H1-13-1,H2-10-1,H3-9-*,H4-8-1,Abs
622,5KW9,H1-13-*,H2-10-1,H3-17-*,H4-8-1,Abs
623,5L0Q,H1-13-1,H2-10-1,H3-13-*,H4-8-1,Abs
625,5L6Y,H1-13-1,H2-10-1,H3-15-*,H4-8-1,Abs
626,5LDN,H1-13-1,H2-9-*,H3-11-*,H4-8-1,Abs
627,5LQB,H1-13-1,H2-10-1,H3-14-*,H4-8-1,Abs
628,5LSP,H1-13-1,H2-10-1,H3-13-*,H4-8-1,Abs
630,5MES,H1-13-1,H2-10-2,H3-12-1,H4-8-1,Abs
631,5MHR,H1-13-*,H2-10-1,H3-14-*,H4-8-1,Abs
637,5MI0,H1-13-1,H2-10-2,H3-15-*,H4-8-1,Abs
638,5MO9,H1-13-1,H2-10-1,H3-9-*,H4-8-1,Abs
639,5MVZ,H1-13-1,H2-10-*,H3-11-1,H4-8-1,Abs
641,5N7W,H1-13-1,H2-10-1,H3-12-1,H4-8-1,Abs
643,5NGV,H1-13-1,H2-10-1,H3-8-2,H4-8-1,Abs
644,5NH3,H1-13-1,H2-10-1,H3-8-2,H4-8-1,Abs
646,5NMV,H1-13-1,H2-9-1,H3-15-*,H4-8-1,Abs
647,5NUZ,H1-13-1,H2-10-1,H3-13-*,H4-8-1,Abs
649,5O14,H1-13-1,H2-10-1,H3-15-*,H4-8-1,Abs
651,5O1R,H1-15-2,H2-9-1,H3-15-*,H4-8-1,Abs
653,5O4G,H1-13-1,H2-10-3,H3-14-*,H4-8-*,Abs
654,5OB5,H1-13-1,H2-10-*,H3-12-*,H4-8-1,Abs
655,5OCC,H1-13-1,H2-10-*,H3-14-*,H4-8-1,Abs
656,5OTJ,H1-13-1,H2-10-1,H3-14-*,H4-8-1,Abs
658,5SX4,H1-15-2,H2-9-1,H3-11-1,H4-8-1,Abs
660,5T5F,H1-13-1,H2-10-1,H3-15-*,H4-8-1,Abs
661,5TE4,H1-13-1,H2-10-1,H3-15-*,H4-8-1,Abs
662,5TE6,H1-13-1,H2-10-1,H3-15-*,H4-8-1,Abs
663,5TE7,H1-13-1,H2-10-1,H3-15-*,H4-8-1,Abs
664,5TFW,H1-13-1,H2-12-1,H3-22-*,H4-8-1,Abs
665,5TH9,H1-13-1,H2-9-1,H3-9-*,H4-8-1,Abs
668,5TIH,H1-13-1,H2-10-1,H3-7-*,H4-8-1,Abs
669,5TLK,H1-13-1,H2-10-1,H3-13-*,H4-8-1,Abs
673,5TUD,H1-13-*,H2-10-1,H3-20-*,H4-8-1,Abs
675,5TZ2,H1-13-1,H2-10-1,H3-13-*,H4-8-1,Abs
676,5TZT,H1-13-1,H2-10-1,H3-10-*,H4-8-1,Abs
678,5TZU,H1-13-1,H2-10-2,H3-11-*,H4-8-1,Abs
679,5UCB,H1-13-1,H2-10-3,H3-10-2,H4-8-1,Abs
680,5UEM,H1-13-1,H2-11-*,H3-21-*,H4-8-1,Abs
681,5UGY,H1-13-1,H2-10-1,H3-19-*,H4-8-*,Abs
684,5UKR,H1-14-2,H2-10-1,H3-17-*,H4-8-*,Abs
685,5USH,H1-15-2,H2-9-1,H3-15-*,H4-8-1,Abs
687,5USL,H1-13-1,H2-10-2,H3-17-*,H4-8-1,Abs
689,5UTZ,H1-15-*,H2-9-1,H3-13-*,H4-8-1,Abs
693,5V7J,H1-13-*,H2-10-*,H3-16-*,H4-16-*,Abs
695,5VAG,H1-13-*,H2-10-1,H3-14-*,H4-8-1,Abs
696,5VCN,H1-13-1,H2-9-1,H3-14-*,H4-8-1,Abs
698,5VCO,H1-13-*,H2-9-1,H3-16-*,H4-8-1,Abs
700,5VEB,H1-13-1,H2-10-2,H3-11-*,H4-8-1,Abs
702,5VIC,H1-13-*,H2-10-*,H3-15-*,H4-8-1,Abs
703,5VIG,H1-13-1,H2-10-*,H3-13-*,H4-8-1,Abs
705,5VJO,H1-13-3,H2-9-1,H3-7-1,H4-8-1,Abs
707,5VJQ,H1-13-3,H2-9-1,H3-7-1,H4-8-1,Abs
711,5VKD,H1-13-1,H2-10-1,H3-18-*,H4-8-1,Abs
712,5VPL,H1-14-1,H2-9-1,H3-14-*,H4-8-1,Abs
713,5VQM,H1-13-1,H2-10-*,H3-12-*,H4-8-1,Abs
715,5VYF,H1-13-1,H2-10-2,H3-8-2,H4-8-1,Abs
717,5W06,H1-13-1,H2-10-1,H3-13-*,H4-8-1,Abs
718,5W08,H1-13-1,H2-10-1,H3-26-*,H4-8-1,Abs
724,5W0D,H1-13-1,H2-10-1,H3-26-*,H4-8-1,Abs
725,5W2B,H1-13-1,H2-10-1,H3-18-*,H4-8-1,Abs
726,5W4L,H1-13-*,H2-10-*,H3-11-1,H4-8-1,Abs
730,5W5X,H1-13-1,H2-10-1,H3-11-*,H4-8-1,Abs
731,5W5Z,H1-13-1,H2-10-1,H3-11-*,H4-8-1,Abs
732,5W6G,H1-15-2,H2-9-1,H3-17-*,H4-8-1,Abs
733,5WB9,H1-13-1,H2-10-1,H3-13-*,H4-8-1,Abs
734,5WI9,H1-13-1,H2-10-2,H3-17-*,H4-8-1,Abs
736,5WK3,H1-13-1,H2-10-1,H3-14-*,H4-8-1,Abs
740,5WT9,H1-13-1,H2-10-2,H3-6-*,H4-8-1,Abs
741,5WUX,H1-13-1,H2-10-1,H3-11-*,H4-8-1,Abs
744,5X0T,H1-13-1,H2-12-1,H3-7-*,H4-8-1,Abs
746,5X2O,H1-13-1,H2-10-1,H3-17-*,H4-8-1,Abs
748,5X8M,H1-13-1,H2-10-2,H3-14-*,H4-8-1,Abs
749,5XEZ,H1-13-1,H2-10-*,H3-21-*,H4-8-1,Abs
751,5XKU,H1-15-*,H2-9-1,H3-17-*,H4-8-1,Abs
752,5XMH,H1-13-*,H2-10-1,H3-15-*,H4-8-1,Abs
754,5XWD,H1-15-*,H2-9-1,H3-12-1,H4-8-1,Abs
755,5XXY,H1-13-1,H2-10-1,H3-11-*,H4-8-1,Abs
756,5Y2L,H1-13-1,H2-10-2,H3-21-*,H4-8-1,Abs
757,5YOY,H1-13-1,H2-10-2,H3-19-*,H4-8-1,Abs
763,5YY5,H1-13-1,H2-10-*,H3-5-*,H4-8-1,Abs
765,6A0Z,H1-13-1,H2-10-3,H3-16-*,H4-8-1,Abs
766,6A3W,H1-13-1,H2-10-1,H3-9-*,H4-8-1,Abs
770,6A67,H1-15-*,H2-9-1,H3-17-*,H4-8-1,Abs
772,6A77,H1-13-1,H2-10-2,H3-15-*,H4-8-1,Abs
773,6AL0,H1-13-1,H2-10-2,H3-10-2,H4-8-1,Abs
774,6AL5,H1-13-1,H2-10-1,H3-17-*,H4-8-1,Abs
775,6AOD,H1-13-1,H2-10-1,H3-10-*,H4-8-1,Abs
776,6APB,H1-15-1,H2-9-1,H3-18-*,H4-8-1,Abs
777,6AQ7,H1-13-1,H2-10-1,H3-9-*,H4-8-1,Abs
778,6AYZ,H1-13-1,H2-10-3,H3-10-2,H4-8-1,Abs
780,6AZZ,H1-13-1,H2-10-1,H3-13-*,H4-8-1,Abs
782,6B08,H1-13-1,H2-10-1,H3-13-*,H4-8-1,Abs
783,6B0A,H1-13-1,H2-10-2,H3-18-*,H4-8-1,Abs
784,6B0G,H1-13-1,H2-10-1,H3-18-*,H4-8-1,Abs
785,6B0H,H1-14-*,H2-9-1,H3-13-*,H4-8-1,Abs
787,6B0S,H1-13-1,H2-10-2,H3-16-*,H4-8-1,Abs
788,6BA5,H1-13-*,H2-9-1,H3-13-*,H4-6-1,Abs
792,6BCK,H1-13-*,H2-10-1,H3-21-*,H4-8-1,Abs
793,6BF4,H1-13-1,H2-10-2,H3-19-*,H4-8-1,Abs
795,6BFQ,H1-13-*,H2-9-1,H3-9-*,H4-8-1,Abs
799,6BFS,H1-13-1,H2-10-1,H3-10-*,H4-8-1,Abs
800,6BFT,H1-13-1,H2-10-1,H3-16-*,H4-8-1,Abs
802,6BIT,H1-13-1,H2-10-1,H3-6-*,H4-8-1,Abs
804,6BKB,H1-13-*,H2-10-1,H3-20-*,H4-8-*,Abs
805,6BPA,H1-13-1,H2-10-1,H3-13-2,H4-8-1,Abs
807,6BPC,H1-13-1,H2-10-2,H3-11-1,H4-8-1,Abs
809,6C6Z,H1-13-*,H2-10-1,H3-20-*,H4-8-1,Abs
811,6CBV,H1-13-1,H2-10-1,H3-17-*,H4-8-1,Abs
812,6CF2,H1-13-*,H2-10-*,H3-12-*,H4-6-1,Abs
813,6CK9,H1-13-1,H2-10-1,H3-16-*,H4-16-*,Abs
815,6CMG,H1-13-*,H2-10-1,H3-25-*,H4-8-1,Abs
816,6CW2,H1-13-1,H2-10-1,H3-22-*,H4-8-1,Abs
817,6CXY,H1-13-1,H2-9-1,H3-13-*,H4-8-1,Abs
818,6CYF,H1-13-1,H2-10-2,H3-17-*,H4-8-1,Abs
822,6D2P,H1-13-1,H2-10-1,H3-11-*,H4-8-1,Abs
823,6DDM,H1-13-1,H2-10-1,H3-10-*,H4-8-1,Abs
824,6DDR,H1-13-1,H2-10-1,H3-10-*,H4-8-1,Abs
825,6DDV,H1-13-1,H2-10-1,H3-15-*,H4-8-1,Abs
826,6DFI,H1-13-*,H2-9-*,H3-12-3,H4-8-1,Abs
827,6DFJ,H1-13-*,H2-9-*,H3-12-3,H4-8-1,Abs
828,6DKJ,H1-13-1,H2-10-2,H3-13-*,H4-8-1,Abs
830,6E4X,H1-15-*,H2-9-1,H3-22-*,H4-8-1,Abs
831,6E56,H1-13-1,H2-10-2,H3-22-*,H4-8-1,Abs
833,6E62,H1-13-1,H2-10-2,H3-12-1,H4-8-1,Abs
835,6E63,H1-13-1,H2-10-2,H3-12-1,H4-8-1,Abs
837,6ELU,H1-13-1,H2-12-1,H3-12-*,H4-8-1,Abs
841,6EWB,H1-13-1,H2-10-*,H3-9-*,H4-8-1,Abs
845,6FAX,H1-13-1,H2-10-1,H3-15-*,H4-8-1,Abs
846,6FLB,H1-13-1,H2-10-1,H3-10-*,H4-8-1,Abs
847,6FLC,H1-13-1,H2-12-1,H3-12-*,H4-8-1,Abs
849,6FXN,H1-13-*,H2-10-*,H3-16-*,H4-8-1,Abs
855,6GKU,H1-13-1,H2-10-2,H3-14-*,H4-8-1,Abs
856,6GLW,H1-13-1,H2-10-2,H3-16-*,H4-8-1,Abs
858,6H2Y,H1-13-*,H2-10-1,H3-12-*,H4-8-1,Abs
859,6H3T,H1-13-1,H2-10-1,H3-13-*,H4-8-1,Abs
861,6HF1,H1-13-1,H2-10-1,H3-9-2,H4-8-1,Abs
863,6HGA,H1-15-1,H2-9-1,H3-11-*,H4-8-1,Abs
864,6HHC,H1-13-1,H2-10-*,H3-13-*,H4-8-1,Abs
865,6HIG,H1-13-1,H2-10-6,H3-10-*,H4-8-1,Abs
866,6HX4,H1-13-1,H2-10-2,H3-18-*,H4-8-1,Abs
868,6HXW,H1-13-1,H2-10-1,H3-13-2,H4-8-1,Abs
870,6I8S,H1-13-*,H2-10-1,H3-14-*,H4-8-1,Abs
874,6I9I,H1-13-1,H2-9-1,H3-11-*,H4-6-1,Abs
876,6IAP,H1-13-1,H2-10-1,H3-10-*,H4-8-1,Abs
878,6ICC,H1-13-1,H2-10-2,H3-10-2,H4-8-1,Abs
879,6IEA,H1-15-*,H2-9-*,H3-17-*,H4-8-1,Abs
880,6IEB,H1-13-*,H2-9-1,H3-12-*,H4-8-1,Abs
882,6IEK,H1-13-1,H2-10-1,H3-14-*,H4-8-1,Abs
884,6ION,H1-15-1,H2-9-1,H3-10-2,H4-8-1,Abs
885,6IUT,H1-13-4,H2-9-*,H3-12-*,H4-8-1,Abs
886,6IUV,H1-13-*,H2-10-1,H3-19-*,H4-8-1,Abs
888,6J11,H1-13-1,H2-10-1,H3-13-*,H4-8-1,Abs
891,6J14,H1-13-*,H2-10-1,H3-13-*,H4-8-*,Abs
892,6J15,H1-13-*,H2-10-1,H3-13-*,H4-8-1,Abs
894,6J5F,H1-13-1,H2-10-1,H3-13-*,H4-8-1,Abs
895,6J6Y,H1-13-1,H2-10-2,H3-11-1,H4-8-1,Abs
897,6JBT,H1-13-1,H2-10-1,H3-18-*,H4-8-1,Abs
898,6JEP,H1-19-*,H2-10-1,H3-21-*,H4-8-1,Abs
900,6JJP,H1-13-1,H2-10-2,H3-10-*,H4-8-1,Abs
902,6K0Y,H1-14-*,H2-9-1,H3-12-*,H4-8-1,Abs
903,6K65,H1-13-1,H2-9-1,H3-7-1,H4-8-1,Abs
904,6KTR,H1-13-1,H2-10-*,H3-12-*,H4-8-1,Abs
906,6KYZ,H1-13-1,H2-10-2,H3-19-*,H4-8-1,Abs
908,6KZ0,H1-13-*,H2-10-1,H3-15-*,H4-8-1,Abs
912,6LGW,H1-13-1,H2-10-1,H3-12-*,H4-8-1,Abs
914,6LXI,H1-13-*,H2-10-1,H3-25-*,H4-8-1,Abs
916,6LXJ,H1-13-*,H2-10-1,H3-25-*,H4-8-1,Abs
920,6LYN,H1-13-1,H2-10-1,H3-11-1,H4-8-1,Abs
922,6LZ9,H1-13-1,H2-9-1,H3-15-*,H4-8-1,Abs
923,6M58,H1-13-1,H2-10-2,H3-13-*,H4-8-1,Abs
925,6MEI,H1-13-*,H2-9-1,H3-19-*,H4-8-1,Abs
926,6MEJ,H1-13-1,H2-10-1,H3-11-*,H4-8-1,Abs
928,6MFP,H1-13-1,H2-10-1,H3-16-*,H4-8-1,Abs
930,6MFT,H1-13-1,H2-10-1,H3-14-*,H4-8-1,Abs
932,6MG7,H1-13-*,H2-10-1,H3-12-*,H4-8-1,Abs
933,6MHR,H1-13-1,H2-9-1,H3-15-*,H4-8-1,Abs
935,6MI2,H1-13-1,H2-10-1,H3-9-*,H4-8-1,Abs
937,6ML8,H1-18-*,H2-10-*,H3-26-*,H4-8-1,Abs
938,6MLK,H1-13-*,H2-9-1,H3-14-*,H4-8-1,Abs
939,6MTN,H1-13-1,H2-10-1,H3-16-*,H4-16-*,Abs
941,6MTO,H1-13-*,H2-10-1,H3-17-*,H4-8-1,Abs
942,6MTQ,H1-13-*,H2-10-1,H3-20-*,H4-8-1,Abs
943,6MUF,H1-13-1,H2-10-1,H3-16-*,H4-16-*,Abs
945,6N5D,H1-13-*,H2-10-*,H3-12-*,H4-8-1,Abs
948,6N5E,H1-13-*,H2-10-*,H3-15-*,H4-8-1,Abs
951,6N6B,H1-14-1,H2-9-1,H3-11-*,H4-8-1,Abs
952,6N81,H1-13-1,H2-10-*,H3-17-*,H4-8-1,Abs
954,6NM6,H1-13-1,H2-10-1,H3-16-*,H4-16-*,Abs
957,6NMR,H1-13-1,H2-8-*,H3-15-*,H4-8-1,Abs
961,6NMS,H1-13-1,H2-10-2,H3-12-*,H4-8-1,Abs
963,6NMT,H1-13-1,H2-9-1,H3-13-*,H4-8-1,Abs
964,6NMU,H1-13-1,H2-10-2,H3-12-*,H4-8-1,Abs
966,6NMV,H1-13-1,H2-10-2,H3-7-*,H4-8-1,Abs
967,6NNF,H1-13-1,H2-10-1,H3-16-*,H4-16-*,Abs
970,6NNJ,H1-13-1,H2-10-1,H3-16-*,H4-16-*,Abs
973,6NYQ,H1-13-1,H2-10-1,H3-12-*,H4-8-1,Abs
974,6NZ7,H1-13-1,H2-10-2,H3-18-*,H4-8-1,Abs
976,6O1F,H1-13-1,H2-10-2,H3-12-1,H4-8-1,Abs
977,6O39,H1-13-1,H2-10-1,H3-13-*,H4-8-1,Abs
978,6O3A,H1-13-1,H2-10-1,H3-13-*,H4-8-1,Abs
979,6O3B,H1-13-1,H2-10-*,H3-13-*,H4-8-1,Abs
981,6O9H,H1-13-1,H2-10-2,H3-11-*,H4-8-1,Abs
983,6O9I,H1-13-1,H2-10-2,H3-11-*,H4-8-1,Abs
985,6OC3,H1-15-2,H2-9-1,H3-18-*,H4-8-1,Abs
987,6OGX,H1-13-1,H2-10-1,H3-10-*,H4-8-1,Abs
989,6OHG,H1-13-1,H2-10-1,H3-12-*,H4-8-1,Abs
990,6OKM,H1-13-1,H2-10-1,H3-7-1,H4-8-1,Abs
991,6OOR,H1-13-1,H2-10-*,H3-20-*,H4-8-1,Abs
992,6OSH,H1-13-1,H2-9-1,H3-9-*,H4-8-1,Abs
993,6OSV,H1-13-1,H2-9-1,H3-10-1,H4-8-1,Abs
994,6OY4,H1-13-1,H2-11-*,H3-13-*,H4-8-1,Abs
995,6OZ2,H1-13-*,H2-10-1,H3-22-*,H4-8-1,Abs
996,6P3R,H1-13-*,H2-10-2,H3-22-*,H4-8-*,Abs
998,6P4B,H1-13-*,H2-9-1,H3-7-1,H4-8-1,Abs
1000,6P50,H1-13-1,H2-10-1,H3-15-*,H4-8-1,Abs
1001,6P67,H1-13-1,H2-10-*,H3-13-*,H4-8-*,Abs
1005,6PCU,H1-15-*,H2-9-1,H3-11-*,H4-8-1,Abs
1008,6PE8,H1-13-1,H2-10-*,H3-9-*,H4-8-1,Abs
1010,6PHB,H1-13-*,H2-9-1,H3-11-*,H4-8-1,Abs
1012,6PHC,H1-13-1,H2-10-2,H3-18-*,H4-8-1,Abs
1014,6PI7,H1-13-1,H2-10-1,H3-17-*,H4-8-1,Abs
1016,6PIS,H1-15-*,H2-9-1,H3-15-*,H4-8-1,Abs
1018,6PLK,H1-13-1,H2-10-2,H3-15-*,H4-8-1,Abs
1020,6PPG,H1-13-1,H2-10-2,H3-16-*,H4-8-1,Abs
1022,6PXH,H1-13-1,H2-10-1,H3-11-*,H4-8-1,Abs
1024,6PZE,H1-15-*,H2-9-1,H3-19-*,H4-8-1,Abs
1025,6PZF,H1-13-1,H2-10-2,H3-11-*,H4-8-1,Abs
1027,6Q0E,H1-14-2,H2-9-1,H3-23-*,H4-8-1,Abs
1028,6Q0H,H1-14-2,H2-9-1,H3-23-*,H4-8-1,Abs
1029,6Q18,H1-14-2,H2-9-*,H3-23-*,H4-8-1,Abs
1030,6Q20,H1-13-1,H2-10-2,H3-23-*,H4-8-1,Abs
1031,6R8X,H1-13-1,H2-10-2,H3-15-*,H4-8-1,Abs
1032,6RLO,H1-13-1,H2-10-2,H3-13-*,H4-8-1,Abs
1036,6RP8,H1-13-1,H2-10-2,H3-11-1,H4-8-1,Abs
1038,6RPS,H1-13-1,H2-9-1,H3-15-*,H4-8-1,Abs
1040,6S3D,H1-13-*,H2-10-1,H3-19-*,H4-8-1,Abs
1044,6S5A,H1-13-1,H2-10-2,H3-12-*,H4-8-1,Abs
1045,6SS2,H1-13-1,H2-10-*,H3-13-*,H4-8-1,Abs
1046,6SS4,H1-13-*,H2-10-2,H3-13-*,H4-8-1,Abs
1047,6SVL,H1-13-1,H2-10-1,H3-14-*,H4-8-1,Abs
1053,6T9D,H1-13-*,H2-10-2,H3-9-*,H4-8-1,Abs
1055,6TYB,H1-13-1,H2-10-1,H3-19-*,H4-8-1,Abs
1056,6U36,H1-13-1,H2-10-1,H3-11-*,H4-8-1,Abs
1057,6U3I,H1-13-1,H2-10-1,H3-17-*,H4-8-1,Abs
1058,6U6U,H1-13-1,H2-10-1,H3-12-*,H4-8-1,Abs
1059,6U9S,H1-13-1,H2-10-1,H3-12-*,H4-8-1,Abs
1061,6UMX,H1-13-1,H2-10-2,H3-19-*,H4-8-1,Abs
1063,6URM,H1-15-1,H2-9-1,H3-14-*,H4-8-*,Abs
1065,6UTE,H1-13-1,H2-10-*,H3-15-*,H4-8-1,Abs
1070,6UYF,H1-12-*,H2-10-1,H3-21-*,H4-8-1,Abs
1071,6UYM,H1-13-*,H2-10-1,H3-20-*,H4-8-1,Abs
1073,6VC9,H1-13-*,H2-9-1,H3-13-*,H4-8-1,Abs
1074,6VEL,H1-13-1,H2-10-1,H3-9-*,H4-8-1,Abs
1075,6VGR,H1-13-1,H2-10-1,H3-16-*,H4-8-1,Abs
1077,6VMJ,H1-13-1,H2-10-1,H3-8-*,H4-8-1,Abs
1081,6VUG,H1-15-1,H2-9-1,H3-15-*,H4-8-1,Abs
1082,6VVU,H1-13-*,H2-9-1,H3-16-*,H4-8-1,Abs
1086,6VY4,H1-13-*,H2-10-1,H3-11-*,H4-8-1,Abs
1088,6VY6,H1-13-1,H2-10-2,H3-20-*,H4-8-1,Abs
1089,6VZI,H1-13-1,H2-10-1,H3-16-*,H4-16-*,Abs
1091,6WAS,H1-13-3,H2-10-2,H3-14-*,H4-8-1,Abs
1093,6WGL,H1-13-1,H2-10-2,H3-18-*,H4-8-1,Abs
1094,6WH9,H1-13-*,H2-10-1,H3-14-*,H4-8-1,Abs
1097,6WHK,H1-13-1,H2-12-1,H3-18-*,H4-8-1,Abs
1098,6WIR,H1-13-1,H2-10-2,H3-20-*,H4-8-1,Abs
1099,6WIT,H1-13-1,H2-10-*,H3-22-*,H4-8-1,Abs
1101,6WIX,H1-13-1,H2-10-1,H3-16-*,H4-16-*,Abs
1103,6WM9,H1-13-1,H2-10-2,H3-13-*,H4-8-1,Abs
1105,6WMW,H1-13-1,H2-10-1,H3-11-*,H4-8-1,Abs
1107,6WO4,H1-13-1,H2-10-1,H3-19-*,H4-8-1,Abs
1108,6WO5,H1-13-*,H2-10-1,H3-14-*,H4-8-*,Abs
1112,6WOZ,H1-13-1,H2-10-2,H3-19-*,H4-8-1,Abs
1116,6WTU,H1-13-1,H2-10-2,H3-16-*,H4-8-1,Abs
1120,6WZK,H1-13-1,H2-10-1,H3-19-*,H4-8-1,Abs
1122,6WZL,H1-13-1,H2-10-1,H3-19-*,H4-8-1,Abs
1124,6WZM,H1-13-1,H2-10-1,H3-19-*,H4-8-1,Abs
1126,6XC3,H1-13-1,H2-9-1,H3-11-*,H4-8-1,Abs
1128,6XC7,H1-13-1,H2-9-1,H3-11-*,H4-8-1,Abs
1130,6XCJ,H1-13-1,H2-10-1,H3-14-*,H4-8-1,Abs
1131,6XE1,H1-13-1,H2-9-1,H3-12-*,H4-8-1,Abs
1132,6XKP,H1-13-1,H2-10-2,H3-22-*,H4-8-1,Abs
1134,6XKQ,H1-13-*,H2-10-1,H3-15-*,H4-8-1,Abs
1135,6XKR,H1-13-1,H2-10-1,H3-10-*,H4-8-1,Abs
1136,6XM2,H1-13-1,H2-9-1,H3-19-*,H4-8-1,Abs
1140,6XPX,H1-13-1,H2-10-2,H3-9-*,H4-8-1,Abs
1141,6XSW,H1-13-1,H2-10-1,H3-12-*,H4-8-1,Abs
1145,6XXV,H1-13-1,H2-10-*,H3-19-*,H4-8-1,Abs
1147,6XZW,H1-13-1,H2-10-2,H3-9-*,H4-8-1,Abs
1148,6YAX,H1-13-1,H2-10-2,H3-10-1,H4-8-1,Abs
1150,6YE3,H1-13-1,H2-10-2,H3-15-*,H4-8-1,Abs
1153,6YIO,H1-13-*,H2-10-3,H3-15-*,H4-8-1,Abs
1154,6YLA,H1-13-*,H2-10-1,H3-12-*,H4-8-1,Abs
1156,6YWC,H1-15-1,H2-9-1,H3-12-*,H4-8-1,Abs
1158,6YXD,H1-13-1,H2-10-1,H3-11-*,H4-8-1,Abs
1159,6Z2L,H1-13-1,H2-10-1,H3-14-*,H4-8-1,Abs
1160,6Z2M,H1-13-*,H2-10-1,H3-12-*,H4-8-1,Abs
1164,6ZTR,H1-15-2,H2-11-*,H3-13-*,H4-8-1,Abs
1166,7A3O,H1-13-1,H2-10-1,H3-21-*,H4-8-1,Abs
1167,7A3Q,H1-13-1,H2-10-1,H3-21-*,H4-8-1,Abs
1169,7A3U,H1-13-1,H2-10-1,H3-21-*,H4-8-1,Abs
1170,7AHU,H1-13-1,H2-10-1,H3-13-*,H4-8-1,Abs
1172,7B0B,H1-13-1,H2-10-1,H3-16-*,H4-8-1,Abs
1173,7B3O,H1-13-1,H2-9-1,H3-10-1,H4-8-1,Abs
1174,7BBJ,H1-13-1,H2-10-1,H3-10-*,H4-8-1,Abs
1176,7BEH,H1-13-1,H2-10-1,H3-15-*,H4-8-1,Abs
1177,7BEI,H1-13-1,H2-9-1,H3-11-*,H4-8-1,Abs
1178,7BEJ,H1-13-1,H2-9-1,H3-11-*,H4-8-1,Abs
1179,7BEL,H1-13-1,H2-10-2,H3-14-*,H4-8-1,Abs
1183,7BEP,H1-13-1,H2-10-2,H3-18-*,H4-8-1,Abs
1187,7BQ5,H1-15-2,H2-9-1,H3-10-2,H4-8-1,Abs
1189,7BWJ,H1-14-1,H2-9-1,H3-20-*,H4-8-1,Abs
1190,7BZ5,H1-13-1,H2-9-1,H3-9-*,H4-8-1,Abs
1191,7C01,H1-13-1,H2-9-1,H3-13-*,H4-8-1,Abs
1193,7C61,H1-13-1,H2-10-1,H3-12-*,H4-8-1,Abs
1194,7C88,H1-13-*,H2-9-1,H3-12-*,H4-8-1,Abs
1196,7CDI,H1-13-1,H2-9-1,H3-11-*,H4-8-1,Abs
1197,7CE2,H1-13-*,H2-9-1,H3-12-3,H4-8-1,Abs
1198,7CEB,H1-13-1,H2-10-2,H3-13-*,H4-8-1,Abs
1199,7CHB,H1-13-1,H2-9-1,H3-12-*,H4-8-1,Abs
1200,7CHC,H1-13-*,H2-10-*,H3-18-*,H4-8-1,Abs
1202,7CHF,H1-13-*,H2-10-*,H3-18-*,H4-8-1,Abs
1204,7CHO,H1-13-1,H2-9-1,H3-15-*,H4-8-1,Abs
1206,7CHP,H1-13-1,H2-9-1,H3-11-*,H4-8-1,Abs
1207,7CHS,H1-13-1,H2-9-1,H3-11-*,H4-8-1,Abs
1208,7CHY,H1-13-1,H2-10-1,H3-13-*,H4-8-1,Abs
1209,7CHZ,H1-13-1,H2-10-1,H3-13-*,H4-8-1,Abs
1210,7CJ2,H1-13-1,H2-10-2,H3-8-*,H4-8-1,Abs
1212,7CJF,H1-13-1,H2-9-1,H3-12-*,H4-8-1,Abs
1213,7CM4,H1-15-1,H2-9-1,H3-20-*,H4-8-1,Abs
1214,7COE,H1-13-*,H2-10-1,H3-24-*,H4-8-1,Abs
1216,7CQC,H1-13-1,H2-10-2,H3-10-2,H4-8-1,Abs
1217,7CR5,H1-13-1,H2-10-2,H3-14-*,H4-8-1,Abs
1218,7CVT,H1-13-4,H2-10-2,H3-14-*,H4-8-1,Abs
1220,7D85,H1-13-1,H2-10-2,H3-14-*,H4-8-1,Abs
1222,7DAA,H1-13-1,H2-9-1,H3-9-*,H4-6-1,Abs
1223,7DC8,H1-13-1,H2-10-2,H3-15-*,H4-8-1,Abs
1225,7DHA,H1-13-1,H2-10-2,H3-15-*,H4-8-1,Abs
1226,7DJZ,H1-13-*,H2-10-1,H3-16-*,H4-8-1,Abs
1227,7DK2,H1-13-1,H2-10-2,H3-13-*,H4-8-1,Abs
1231,7DM1,H1-13-*,H2-12-1,H3-19-*,H4-8-1,Abs
1233,7DM2,H1-13-1,H2-10-*,H3-18-*,H4-8-1,Abs
1234,7DR4,H1-13-1,H2-10-1,H3-14-*,H4-8-1,Abs
1238,7DUO,H1-13-1,H2-10-2,H3-15-*,H4-8-1,Abs
1239,7E3O,H1-13-*,H2-9-*,H3-16-*,H4-8-1,Abs
1240,7E5O,H1-13-*,H2-9-1,H3-14-*,H4-8-1,Abs
1241,7E72,H1-13-1,H2-10-1,H3-8-2,H4-8-1,Abs
1243,7E7Y,H1-13-1,H2-9-*,H3-19-*,H4-8-1,Abs
1245,7E86,H1-13-*,H2-9-1,H3-11-*,H4-8-1,Abs
1246,7E9B,H1-13-1,H2-10-2,H3-9-*,H4-8-1,Abs
1247,7EAM,H1-13-1,H2-10-1,H3-13-*,H4-8-1,Abs
1249,7EAN,H1-13-1,H2-10-1,H3-14-*,H4-8-1,Abs
1250,7F7E,H1-13-1,H2-10-2,H3-20-*,H4-8-1,Abs
1251,7JIE,H1-13-*,H2-10-1,H3-28-*,H4-8-*,Abs
1253,7JKT,H1-13-1,H2-10-*,H3-15-*,H4-8-1,Abs
1254,7JMO,H1-13-1,H2-9-1,H3-12-*,H4-8-1,Abs
1255,7JMP,H1-13-1,H2-9-1,H3-17-*,H4-8-1,Abs
1256,7JN5,H1-13-*,H2-10-1,H3-12-*,H4-8-1,Abs
1257,7JOO,H1-13-*,H2-10-2,H3-17-*,H4-8-1,Abs
1259,7JTG,H1-13-1,H2-10-1,H3-21-*,H4-8-*,Abs
1260,7JX3,H1-13-1,H2-10-1,H3-20-*,H4-8-1,Abs
1263,7K9Z,H1-13-*,H2-10-*,H3-12-*,H4-8-*,Abs
1265,7KD6,H1-13-1,H2-9-1,H3-12-*,H4-8-1,Abs
1269,7KEO,H1-13-1,H2-10-1,H3-17-*,H4-8-1,Abs
1271,7KET,H1-13-1,H2-10-2,H3-15-*,H4-8-1,Abs
1272,7KEZ,H1-13-1,H2-10-1,H3-16-*,H4-8-1,Abs
1273,7KF0,H1-13-1,H2-10-1,H3-13-2,H4-8-1,Abs
1275,7KF1,H1-13-1,H2-10-1,H3-14-*,H4-8-1,Abs
1279,7KFV,H1-13-1,H2-9-1,H3-14-*,H4-8-1,Abs
1282,7KFX,H1-13-1,H2-9-1,H3-14-*,H4-8-1,Abs
1283,7KLH,H1-13-4,H2-10-1,H3-13-*,H4-8-1,Abs
1285,7KMG,H1-13-*,H2-10-1,H3-18-*,H4-8-1,Abs
1287,7KMH,H1-13-1,H2-9-1,H3-9-*,H4-8-1,Abs
1288,7KMI,H1-13-1,H2-9-1,H3-10-1,H4-8-1,Abs
1289,7KN3,H1-13-1,H2-9-1,H3-10-*,H4-8-1,Abs
1291,7KN4,H1-15-*,H2-9-1,H3-12-*,H4-8-1,Abs
1293,7KPB,H1-13-1,H2-10-2,H3-14-*,H4-8-1,Abs
1294,7KPG,H1-13-1,H2-9-1,H3-11-1,H4-8-1,Abs
1295,7KQ7,H1-13-1,H2-10-*,H3-14-*,H4-8-1,Abs
1296,7KQG,H1-13-1,H2-10-*,H3-20-*,H4-8-1,Abs
1297,7KQL,H1-15-1,H2-9-1,H3-15-*,H4-8-1,Abs
1298,7KYO,H1-13-1,H2-9-1,H3-15-*,H4-8-1,Abs
1299,7KZB,H1-13-*,H2-10-*,H3-12-*,H4-8-1,Abs
1301,7L0N,H1-13-1,H2-10-1,H3-20-*,H4-8-1,Abs
1305,7L7E,H1-13-1,H2-10-1,H3-16-*,H4-8-1,Abs
1313,7L7R,H1-13-1,H2-9-*,H3-12-*,H4-8-1,Abs
1315,7LCV,H1-13-1,H2-10-2,H3-15-*,H4-8-1,Abs
1316,7LF8,H1-13-1,H2-10-*,H3-14-*,H4-8-1,Abs
1317,7LFA,H1-13-1,H2-10-1,H3-12-1,H4-8-1,Abs
1319,7LFB,H1-13-1,H2-10-1,H3-14-*,H4-8-1,Abs
1320,7LJA,H1-13-1,H2-10-1,H3-9-*,H4-8-1,Abs
1322,7LM8,H1-13-1,H2-10-1,H3-22-*,H4-8-1,Abs
1324,7LM9,H1-13-1,H2-10-*,H3-16-*,H4-8-1,Abs
1325,7LOP,H1-13-*,H2-10-1,H3-12-*,H4-8-1,Abs
1329,7LR3,H1-13-1,H2-10-2,H3-10-*,H4-8-1,Abs
1331,7LR4,H1-13-1,H2-10-1,H3-14-*,H4-8-1,Abs
1333,7LSF,H1-13-1,H2-10-2,H3-13-*,H4-8-1,Abs
1334,7LY3,H1-13-1,H2-10-2,H3-12-3,H4-8-1,Abs
1336,7M3I,H1-13-4,H2-9-1,H3-15-*,H4-8-1,Abs
1338,7M7W,H1-13-*,H2-10-1,H3-19-*,H4-8-1,Abs
1342,7MDJ,H1-13-*,H2-10-1,H3-11-*,H4-8-1,Abs
1343,7MF1,H1-13-1,H2-10-1,H3-20-*,H4-8-1,Abs
1344,7MMO,H1-15-1,H2-9-1,H3-11-*,H4-8-1,Abs
1346,7MRZ,H1-15-*,H2-9-1,H3-11-*,H4-8-1,Abs
1347,7MSQ,H1-13-1,H2-9-1,H3-21-*,H4-8-1,Abs
1349,7MZF,H1-13-1,H2-9-1,H3-11-*,H4-8-1,Abs
1350,7MZG,H1-13-1,H2-9-1,H3-11-*,H4-8-1,Abs
1351,7MZH,H1-13-1,H2-10-1,H3-7-*,H4-8-1,Abs
1353,7MZJ,H1-13-1,H2-10-2,H3-10-1,H4-8-1,Abs
1357,7MZK,H1-13-1,H2-10-2,H3-10-1,H4-8-1,Abs
1361,7N0U,H1-13-1,H2-9-1,H3-10-*,H4-8-1,Abs
1362,7N3C,H1-13-1,H2-10-1,H3-19-*,H4-8-1,Abs
1363,7N3D,H1-13-4,H2-9-1,H3-16-*,H4-8-1,Abs
1364,7N3I,H1-13-1,H2-9-1,H3-12-*,H4-8-1,Abs
1365,7N4I,H1-13-1,H2-10-1,H3-14-*,H4-8-1,Abs
1366,7N4J,H1-15-2,H2-9-*,H3-23-*,H4-8-1,Abs
1367,7NEG,H1-13-1,H2-9-1,H3-11-*,H4-8-1,Abs
1368,7NP1,H1-13-1,H2-9-1,H3-15-*,H4-8-1,Abs
1372,7NX3,H1-13-1,H2-10-1,H3-14-*,H4-8-1,Abs
1374,7NX7,H1-13-1,H2-9-1,H3-13-*,H4-8-1,Abs
1376,7O52,H1-15-2,H2-11-*,H3-14-*,H4-8-1,Abs
1377,7O9S,H1-13-1,H2-9-1,H3-14-*,H4-6-1,Abs
1378,7OR9,H1-13-1,H2-9-1,H3-13-*,H4-8-1,Abs
1380,7ORB,H1-13-1,H2-10-2,H3-20-*,H4-8-1,Abs
1384,7PHU,H1-13-1,H2-10-1,H3-17-*,H4-8-1,Abs
1386,7PHW,H1-13-1,H2-10-2,H3-19-*,H4-8-1,Abs
1388,7PI7,H1-13-1,H2-10-1,H3-9-*,H4-8-1,Abs
1390,7PQY,H1-13-1,H2-9-1,H3-11-*,H4-8-1,Abs
1392,7PR0,H1-13-1,H2-10-2,H3-22-*,H4-8-1,Abs
1395,7PS0,H1-15-2,H2-9-1,H3-15-*,H4-8-1,Abs
1397,7PS1,H1-13-1,H2-9-1,H3-11-*,H4-8-1,Abs
1398,7PS2,H1-13-1,H2-10-2,H3-20-*,H4-8-1,Abs
1400,7PS4,H1-13-1,H2-10-1,H3-18-*,H4-8-1,Abs
1402,7PS6,H1-13-1,H2-10-1,H3-12-*,H4-8-1,Abs
1404,7Q0G,H1-13-*,H2-10-1,H3-11-*,H4-8-1,Abs
1406,7Q0I,H1-13-1,H2-10-2,H3-19-*,H4-8-1,Abs
1408,7QNW,H1-15-*,H2-9-*,H3-19-*,H4-8-1,Abs
1410,7QNX,H1-15-*,H2-9-*,H3-19-*,H4-8-1,Abs
1412,7QNY,H1-13-1,H2-10-*,H3-20-*,H4-8-1,Abs
1414,7QU1,H1-13-1,H2-10-1,H3-13-*,H4-8-1,Abs
1415,7QU2,H1-13-1,H2-12-*,H3-16-*,H4-8-1,Abs
1416,7R6W,H1-13-1,H2-10-1,H3-20-*,H4-8-1,Abs
1418,7R6X,H1-13-1,H2-10-1,H3-20-*,H4-8-1,Abs
1421,7R8L,H1-13-*,H2-10-1,H3-12-*,H4-8-1,Abs
1423,7RAH,H1-13-1,H2-10-2,H3-14-2,H4-8-1,Abs
1425,7RFB,H1-11-*,H2-10-1,H3-20-*,H4-8-1,Abs
1427,7RKS,H1-13-1,H2-10-2,H3-20-*,H4-8-1,Abs
1429,7S0B,H1-13-1,H2-10-2,H3-14-*,H4-8-1,Abs
1431,7S11,H1-13-*,H2-9-1,H3-12-*,H4-8-1,Abs
1435,7S13,H1-13-1,H2-9-1,H3-10-*,H4-8-1,Abs
1437,7S4S,H1-13-1,H2-9-1,H3-12-*,H4-8-1,Abs
1438,7SEG,H1-13-1,H2-10-1,H3-13-*,H4-8-1,Abs
1440,7SEM,H1-13-1,H2-10-2,H3-17-*,H4-8-1,Abs
1441,7SHU,H1-14-1,H2-9-1,H3-14-2,H4-8-1,Abs
1443,7SHY,H1-14-1,H2-9-1,H3-14-2,H4-8-1,Abs
1447,7SHZ,H1-14-1,H2-9-1,H3-14-2,H4-8-1,Abs
1451,7TN0,H1-13-1,H2-10-1,H3-20-*,H4-8-1,Abs
1455,7VUX,H1-13-1,H2-10-2,H3-10-*,H4-8-1,Abs
0,1KXQ,H1-10-*,H2-10-1,H3-16-*,H4-8-*,Nbs
4,1KXT,H1-13-*,H2-9-1,H3-21-*,H4-8-*,Nbs
7,1KXV,H1-13-*,H2-9-1,H3-15-*,H4-8-*,Nbs
9,1MEL,H1-13-*,H2-10-3,H3-26-*,H4-8-*,Nbs
11,1OP9,H1-10-*,H2-10-1,H3-17-*,H4-8-1,Nbs
12,1RI8,H1-13-*,H2-9-1,H3-19-*,H4-8-1,Nbs
13,1RJC,H1-13-*,H2-10-1,H3-21-*,H4-8-*,Nbs
14,1ZV5,H1-13-*,H2-10-*,H3-14-*,H4-8-1,Nbs
15,1ZVH,H1-13-5,H2-10-1,H3-18-*,H4-8-1,Nbs
16,2BSE,H1-13-*,H2-10-1,H3-16-*,H4-8-*,Nbs
19,2P42,H1-13-*,H2-10-*,H3-14-*,H4-8-*,Nbs
21,2P4A,H1-13-*,H2-10-*,H3-14-*,H4-8-*,Nbs
23,2VYR,H1-13-1,H2-10-2,H3-17-*,H4-8-1,Nbs
31,2X89,H1-13-*,H2-10-2,H3-21-*,H4-8-*,Nbs
34,2XXM,H1-13-*,H2-10-3,H3-6-*,H4-8-1,Nbs
35,3CFI,H1-13-1,H2-9-1,H3-11-*,H4-8-1,Nbs
39,3EZJ,H1-13-5,H2-9-1,H3-14-*,H4-8-1,Nbs
43,3G9A,H1-13-3,H2-9-1,H3-25-*,H4-8-1,Nbs
44,3K3Q,H1-24-*,H2-10-*,H3-19-*,H4-8-*,Nbs
45,3K74,H1-13-1,H2-10-2,H3-10-*,H4-8-1,Nbs
46,3K7U,H1-13-*,H2-10-2,H3-15-*,H4-8-1,Nbs
47,3K80,H1-13-*,H2-10-*,H3-17-*,H4-8-1,Nbs
49,3OGO,H1-13-1,H2-10-2,H3-8-*,H4-8-1,Nbs
53,3P9W,H1-13-1,H2-10-1,H3-6-*,H4-8-1,Nbs
57,3QSK,H1-13-*,H2-10-*,H3-14-*,H4-8-*,Nbs
58,3RJQ,H1-13-*,H2-10-1,H3-20-*,H4-8-1,Nbs
59,3STB,H1-13-1,H2-9-1,H3-20-*,H4-8-1,Nbs
61,3ZKX,H1-13-1,H2-10-2,H3-6-*,H4-8-1,Nbs
63,4BEL,H1-13-1,H2-10-2,H3-6-*,H4-8-1,Nbs
65,4CDG,H1-13-*,H2-9-1,H3-13-*,H4-8-1,Nbs
67,4DK6,H1-13-5,H2-10-2,H3-20-*,H4-8-1,Nbs
69,4EIG,H1-13-1,H2-9-1,H3-11-*,H4-8-1,Nbs
70,4EIZ,H1-13-*,H2-10-2,H3-21-*,H4-8-1,Nbs
72,4FHB,H1-13-1,H2-10-2,H3-22-*,H4-8-1,Nbs
73,4GFT,H1-14-*,H2-10-2,H3-17-*,H4-8-1,Nbs
74,4GRW,H1-13-1,H2-10-1,H3-18-*,H4-8-1,Nbs
80,4HEM,H1-13-*,H2-10-2,H3-16-*,H4-8-1,Nbs
83,4HEP,H1-13-*,H2-10-1,H3-24-*,H4-8-*,Nbs
84,4I0C,H1-11-*,H2-10-1,H3-21-*,H4-8-1,Nbs
86,4I1N,H1-13-*,H2-10-1,H3-20-*,H4-8-1,Nbs
87,4IOS,H1-13-*,H2-10-*,H3-16-*,H4-8-*,Nbs
91,4KDT,H1-13-*,H2-10-2,H3-21-*,H4-8-*,Nbs
93,4KFZ,H1-13-1,H2-10-2,H3-17-*,H4-8-1,Nbs
95,4KML,H1-13-3,H2-10-2,H3-17-*,H4-8-1,Nbs
96,4KRL,H1-13-*,H2-10-2,H3-17-*,H4-8-1,Nbs
97,4KRM,H1-13-*,H2-10-2,H3-17-*,H4-8-1,Nbs
105,4LAJ,H1-13-1,H2-10-*,H3-16-*,H4-8-1,Nbs
109,4LDE,H1-13-*,H2-9-1,H3-14-*,H4-8-*,Nbs
110,4LGP,H1-13-*,H2-10-*,H3-10-*,H4-8-*,Nbs
112,4LGR,H1-13-*,H2-9-1,H3-13-*,H4-8-1,Nbs
113,4LGS,H1-13-*,H2-10-*,H3-22-*,H4-8-1,Nbs
114,4LHJ,H1-13-*,H2-9-1,H3-15-*,H4-8-1,Nbs
115,4LHQ,H1-13-*,H2-10-*,H3-22-*,H4-8-1,Nbs
117,4M3K,H1-13-*,H2-9-1,H3-14-*,H4-8-1,Nbs
118,4N1H,H1-13-3,H2-10-*,H3-20-*,H4-8-1,Nbs
120,4NBY,H1-13-1,H2-10-2,H3-16-*,H4-8-1,Nbs
122,4NC0,H1-13-*,H2-10-2,H3-17-*,H4-8-1,Nbs
123,4NC1,H1-13-1,H2-10-2,H3-16-*,H4-8-1,Nbs
127,4NC2,H1-13-1,H2-9-1,H3-16-*,H4-8-1,Nbs
128,4OCM,H1-13-*,H2-10-6,H3-15-*,H4-8-1,Nbs
130,4ORZ,H1-13-*,H2-9-1,H3-10-2,H4-8-1,Nbs
131,4P2C,H1-13-*,H2-9-1,H3-16-*,H4-8-1,Nbs
136,4POU,H1-13-*,H2-10-*,H3-14-*,H4-8-*,Nbs
137,4QO1,H1-13-*,H2-10-2,H3-16-*,H4-8-1,Nbs
138,4S10,H1-13-*,H2-10-2,H3-20-*,H4-8-1,Nbs
140,4TVS,H1-13-1,H2-10-2,H3-20-*,H4-8-1,Nbs
142,4U3X,H1-13-1,H2-10-*,H3-14-*,H4-8-1,Nbs
144,4W2Q,H1-13-*,H2-9-1,H3-12-*,H4-8-1,Nbs
148,4W6W,H1-13-*,H2-9-1,H3-19-*,H4-8-*,Nbs
149,4W6X,H1-13-*,H2-10-*,H3-18-*,H4-8-*,Nbs
150,4W6Y,H1-13-*,H2-10-1,H3-22-*,H4-8-1,Nbs
151,4WEM,H1-13-5,H2-9-1,H3-15-*,H4-8-1,Nbs
152,4WEN,H1-13-5,H2-9-1,H3-15-*,H4-8-1,Nbs
153,4WEU,H1-13-*,H2-10-*,H3-14-*,H4-8-1,Nbs
155,4X7D,H1-13-*,H2-9-1,H3-14-*,H4-8-1,Nbs
157,4X7F,H1-13-*,H2-9-1,H3-7-*,H4-8-*,Nbs
159,4XT1,H1-13-*,H2-9-1,H3-12-*,H4-8-*,Nbs
160,4Y7M,H1-13-1,H2-10-1,H3-22-*,H4-8-1,Nbs
162,4Y8D,H1-10-*,H2-10-1,H3-17-*,H4-8-*,Nbs
164,4YGA,H1-13-1,H2-10-*,H3-16-*,H4-8-1,Nbs
168,4Z9K,H1-13-*,H2-8-*,H3-16-*,H4-6-*,Nbs
169,5BOP,H1-13-*,H2-10-2,H3-18-*,H4-8-1,Nbs
171,5C1M,H1-11-*,H2-10-2,H3-17-*,H4-8-1,Nbs
172,5C2U,H1-10-*,H2-10-1,H3-21-*,H4-8-1,Nbs
173,5C3L,H1-13-1,H2-10-*,H3-6-*,H4-8-1,Nbs
174,5DMJ,H1-13-1,H2-10-2,H3-9-*,H4-8-1,Nbs
177,5E0Q,H1-13-1,H2-10-1,H3-19-*,H4-8-1,Nbs
178,5E1H,H1-13-*,H2-10-2,H3-22-*,H4-8-1,Nbs
179,5E5M,H1-13-*,H2-10-*,H3-6-1,H4-8-1,Nbs
183,5E7F,H1-13-1,H2-9-1,H3-19-*,H4-8-1,Nbs
186,5F1K,H1-13-*,H2-10-1,H3-17-*,H4-8-1,Nbs
188,5F1O,H1-13-*,H2-10-2,H3-21-*,H4-8-1,Nbs
189,5F21,H1-13-3,H2-9-1,H3-11-*,H4-12-*,Nbs
190,5F7L,H1-13-5,H2-9-1,H3-17-*,H4-8-1,Nbs
192,5F93,H1-13-*,H2-9-1,H3-8-*,H4-8-1,Nbs
196,5FUC,H1-13-*,H2-10-1,H3-18-*,H4-8-1,Nbs
198,5G5X,H1-13-*,H2-9-1,H3-11-*,H4-8-1,Nbs
199,5HGG,H1-13-1,H2-10-2,H3-20-*,H4-8-1,Nbs
201,5HVH,H1-13-*,H2-9-1,H3-16-*,H4-8-1,Nbs
203,5IML,H1-13-3,H2-10-*,H3-18-*,H4-8-1,Nbs
204,5IMM,H1-13-3,H2-10-2,H3-18-*,H4-8-1,Nbs
205,5IP4,H1-13-*,H2-8-*,H3-6-2,H4-8-1,Nbs
207,5J1S,H1-13-*,H2-9-1,H3-16-*,H4-8-1,Nbs
208,5J57,H1-13-*,H2-10-2,H3-19-*,H4-8-1,Nbs
209,5JA8,H1-13-1,H2-10-2,H3-14-*,H4-8-1,Nbs
213,5JA9,H1-13-1,H2-10-2,H3-10-*,H4-8-1,Nbs
215,5JDS,H1-13-*,H2-10-1,H3-21-*,H4-8-*,Nbs
216,5JMO,H1-13-1,H2-10-2,H3-10-*,H4-8-1,Nbs
218,5L21,H1-17-*,H2-10-*,H3-5-*,H4-8-1,Nbs
219,5LHN,H1-13-1,H2-10-2,H3-26-*,H4-8-1,Nbs
220,5LHR,H1-13-*,H2-10-2,H3-14-*,H4-8-1,Nbs
221,5LWF,H1-13-1,H2-10-1,H3-18-*,H4-8-1,Nbs
223,5M14,H1-13-5,H2-10-1,H3-18-*,H4-8-1,Nbs
225,5M15,H1-13-5,H2-10-1,H3-18-*,H4-8-1,Nbs
227,5M2I,H1-13-*,H2-10-4,H3-16-*,H4-8-1,Nbs
233,5M2J,H1-13-1,H2-10-2,H3-9-*,H4-8-1,Nbs
234,5M2M,H1-18-*,H2-10-1,H3-17-*,H4-8-1,Nbs
240,5M30,H1-13-5,H2-9-1,H3-13-*,H4-8-1,Nbs
243,5MJE,H1-13-*,H2-9-1,H3-14-*,H4-12-*,Nbs
244,5MP2,H1-13-5,H2-10-1,H3-18-*,H4-8-1,Nbs
246,5MWN,H1-13-5,H2-9-1,H3-13-*,H4-8-1,Nbs
250,5MY6,H1-13-*,H2-9-1,H3-9-*,H4-8-1,Nbs
251,5MZV,H1-13-*,H2-10-*,H3-16-*,H4-8-1,Nbs
252,5N88,H1-13-1,H2-10-2,H3-20-*,H4-8-1,Nbs
254,5NBL,H1-13-*,H2-10-*,H3-17-*,H4-8-1,Nbs
256,5O02,H1-13-1,H2-10-2,H3-17-*,H4-8-1,Nbs
257,5O03,H1-13-*,H2-10-2,H3-28-*,H4-8-1,Nbs
259,5O04,H1-13-*,H2-9-1,H3-14-*,H4-8-1,Nbs
263,5O05,H1-13-*,H2-9-1,H3-14-*,H4-8-*,Nbs
265,5O0W,H1-13-*,H2-14-*,H3-26-*,H4-8-1,Nbs
269,5O2U,H1-13-5,H2-9-*,H3-8-*,H4-8-1,Nbs
271,5OMN,H1-13-1,H2-9-1,H3-7-*,H4-8-1,Nbs
272,5OVW,H1-13-*,H2-10-2,H3-20-*,H4-8-1,Nbs
278,5SV3,H1-13-1,H2-10-2,H3-19-*,H4-8-1,Nbs
280,5U4L,H1-16-*,H2-11-*,H3-17-*,H4-8-1,Nbs
281,5USF,H1-13-1,H2-10-2,H3-11-*,H4-8-1,Nbs
283,5VAN,H1-13-*,H2-10-2,H3-17-*,H4-8-1,Nbs
284,5VNW,H1-13-*,H2-9-*,H3-12-1,H4-8-1,Nbs
286,5VXJ,H1-13-1,H2-10-*,H3-12-*,H4-8-1,Nbs
291,5VXK,H1-13-1,H2-10-2,H3-21-*,H4-8-1,Nbs
292,5VXL,H1-13-*,H2-11-*,H3-9-*,H4-8-1,Nbs
293,5VXM,H1-13-1,H2-10-2,H3-18-*,H4-8-1,Nbs
294,5Y7Z,H1-13-1,H2-10-2,H3-15-*,H4-8-1,Nbs
296,6APP,H1-13-*,H2-9-1,H3-11-*,H4-8-1,Nbs
297,6B20,H1-13-*,H2-9-1,H3-8-*,H4-8-1,Nbs
299,6C9W,H1-13-*,H2-10-*,H3-18-*,H4-8-*,Nbs
300,6CWG,H1-13-*,H2-12-1,H3-20-*,H4-8-1,Nbs
302,6DBF,H1-13-*,H2-10-*,H3-16-*,H4-8-1,Nbs
303,6DO1,H1-13-*,H2-9-1,H3-20-*,H4-8-1,Nbs
307,6EY0,H1-13-3,H2-10-1,H3-19-*,H4-8-1,Nbs
311,6EY6,H1-13-3,H2-10-2,H3-23-*,H4-8-1,Nbs
319,6F2G,H1-13-*,H2-10-2,H3-17-*,H4-8-1,Nbs
320,6FE4,H1-13-1,H2-10-4,H3-10-*,H4-8-1,Nbs
325,6FV0,H1-13-1,H2-10-2,H3-8-*,H4-8-1,Nbs
326,6FYT,H1-13-*,H2-9-1,H3-18-*,H4-8-1,Nbs
327,6FYU,H1-10-*,H2-10-2,H3-19-*,H4-8-1,Nbs
330,6FYW,H1-13-4,H2-10-*,H3-22-*,H4-8-1,Nbs
331,6GJQ,H1-13-*,H2-9-1,H3-15-*,H4-8-1,Nbs
335,6GJS,H1-13-*,H2-9-1,H3-17-*,H4-8-1,Nbs
337,6GJU,H1-13-5,H2-8-*,H3-12-*,H4-8-1,Nbs
339,6GK4,H1-13-*,H2-9-1,H3-17-*,H4-8-1,Nbs
343,6GKD,H1-13-*,H2-9-1,H3-17-*,H4-8-1,Nbs
355,6GS4,H1-13-1,H2-10-*,H3-18-*,H4-8-1,Nbs
356,6GWP,H1-13-1,H2-10-6,H3-9-*,H4-8-1,Nbs
358,6H02,H1-13-*,H2-10-1,H3-17-*,H4-8-1,Nbs
359,6H15,H1-13-*,H2-10-6,H3-18-*,H4-8-*,Nbs
361,6H16,H1-13-5,H2-10-2,H3-12-*,H4-8-*,Nbs
362,6H6Y,H1-13-*,H2-10-1,H3-10-*,H4-8-1,Nbs
366,6H6Z,H1-13-5,H2-10-*,H3-19-*,H4-8-*,Nbs
368,6H70,H1-13-5,H2-10-*,H3-19-*,H4-8-*,Nbs
370,6H71,H1-13-*,H2-9-1,H3-15-*,H4-8-1,Nbs
372,6H7J,H1-13-*,H2-9-1,H3-14-*,H4-8-*,Nbs
374,6H7O,H1-13-*,H2-9-1,H3-14-*,H4-8-*,Nbs
376,6HHU,H1-13-*,H2-9-1,H3-13-*,H4-8-1,Nbs
378,6HJY,H1-13-*,H2-10-*,H3-17-*,H4-8-1,Nbs
383,6I6J,H1-13-*,H2-10-*,H3-14-*,H4-8-1,Nbs
384,6I8G,H1-13-*,H2-10-1,H3-17-*,H4-8-1,Nbs
385,6IR1,H1-13-3,H2-10-2,H3-17-*,H4-8-1,Nbs
386,6IR2,H1-13-1,H2-10-2,H3-19-*,H4-8-1,Nbs
387,6JB2,H1-13-5,H2-10-1,H3-20-*,H4-8-1,Nbs
388,6LR7,H1-13-5,H2-10-1,H3-20-*,H4-8-1,Nbs
389,6LZ2,H1-13-*,H2-10-2,H3-8-*,H4-8-*,Nbs
391,6O3C,H1-13-*,H2-9-*,H3-16-*,H4-8-1,Nbs
392,6OBC,H1-13-*,H2-9-1,H3-13-*,H4-8-1,Nbs
393,6OBE,H1-13-*,H2-9-*,H3-13-*,H4-8-1,Nbs
394,6OBG,H1-13-*,H2-9-1,H3-14-*,H4-8-1,Nbs
396,6OBM,H1-13-*,H2-9-1,H3-14-*,H4-8-1,Nbs
397,6OBO,H1-13-5,H2-9-1,H3-14-*,H4-8-1,Nbs
399,6OCA,H1-20-*,H2-15-*,H3-18-*,H4-8-1,Nbs
401,6OCD,H1-13-1,H2-10-*,H3-16-*,H4-8-1,Nbs
403,6OQ6,H1-13-1,H2-10-*,H3-20-*,H4-8-1,Nbs
404,6OQ7,H1-13-*,H2-9-1,H3-5-*,H4-8-*,Nbs
405,6OQ8,H1-13-3,H2-9-1,H3-10-*,H4-8-1,Nbs
407,6OS0,H1-13-*,H2-9-1,H3-20-*,H4-8-1,Nbs
408,6OYH,H1-13-*,H2-9-1,H3-20-*,H4-8-1,Nbs
412,6QGW,H1-13-3,H2-10-2,H3-15-*,H4-8-1,Nbs
413,6QGX,H1-13-*,H2-10-2,H3-16-*,H4-8-*,Nbs
414,6QGY,H1-13-*,H2-10-2,H3-16-*,H4-8-*,Nbs
416,6QUP,H1-13-5,H2-9-1,H3-11-*,H4-8-1,Nbs
417,6R7T,H1-13-1,H2-11-*,H3-12-*,H4-8-1,Nbs
418,6RNK,H1-13-*,H2-9-1,H3-22-*,H4-8-1,Nbs
419,6RQM,H1-13-*,H2-10-*,H3-21-*,H4-8-1,Nbs
420,6RTY,H1-13-*,H2-9-1,H3-14-*,H4-8-1,Nbs
421,6RVC,H1-13-3,H2-10-2,H3-17-*,H4-8-1,Nbs
424,6SC6,H1-13-1,H2-10-2,H3-13-*,H4-8-1,Nbs
426,6SGE,H1-13-*,H2-11-*,H3-17-*,H4-8-*,Nbs
428,6SSI,H1-13-*,H2-9-1,H3-5-*,H4-8-1,Nbs
433,6TEJ,H1-13-1,H2-10-2,H3-14-*,H4-8-1,Nbs
434,6U12,H1-13-*,H2-10-*,H3-16-*,H4-8-1,Nbs
435,6U51,H1-13-*,H2-9-1,H3-14-*,H4-8-1,Nbs
437,6U54,H1-13-*,H2-9-1,H3-8-*,H4-8-1,Nbs
438,6U55,H1-13-*,H2-9-*,H3-11-*,H4-8-1,Nbs
439,6UC6,H1-13-1,H2-10-2,H3-18-*,H4-8-1,Nbs
441,6UFT,H1-13-1,H2-10-*,H3-19-*,H4-8-1,Nbs
442,6UHT,H1-15-*,H2-10-1,H3-18-*,H4-8-*,Nbs
444,6UI1,H1-13-*,H2-9-1,H3-8-*,H4-8-1,Nbs
447,6V7Y,H1-13-*,H2-10-*,H3-20-*,H4-8-1,Nbs
448,6V7Z,H1-13-*,H2-9-1,H3-12-*,H4-8-1,Nbs
450,6VBG,H1-13-*,H2-10-2,H3-10-*,H4-8-1,Nbs
452,6WAQ,H1-13-1,H2-10-2,H3-18-*,H4-8-1,Nbs
454,6X04,H1-13-*,H2-8-*,H3-13-*,H4-8-*,Nbs
460,6X05,H1-14-*,H2-9-1,H3-15-*,H4-8-1,Nbs
461,6X07,H1-13-1,H2-9-1,H3-12-*,H4-8-1,Nbs
462,6XW4,H1-13-*,H2-10-2,H3-15-*,H4-8-*,Nbs
464,6XW5,H1-13-5,H2-9-1,H3-11-1,H4-8-1,Nbs
466,6XW6,H1-13-1,H2-10-2,H3-21-*,H4-8-1,Nbs
468,6XW7,H1-13-1,H2-10-*,H3-10-*,H4-8-1,Nbs
472,6XZU,H1-13-*,H2-9-1,H3-12-*,H4-8-1,Nbs
473,6YU8,H1-13-5,H2-10-*,H3-15-*,H4-8-1,Nbs
474,6Z1V,H1-13-3,H2-10-2,H3-16-*,H4-8-1,Nbs
475,6Z20,H1-13-*,H2-10-2,H3-14-*,H4-8-1,Nbs
481,6Z6V,H1-13-1,H2-9-1,H3-19-*,H4-8-1,Nbs
483,6ZCZ,H1-13-5,H2-10-6,H3-20-*,H4-8-1,Nbs
485,6ZE1,H1-13-1,H2-10-2,H3-14-*,H4-8-1,Nbs
486,6ZG3,H1-13-1,H2-10-2,H3-19-*,H4-8-1,Nbs
488,6ZRV,H1-13-*,H2-10-*,H3-16-*,H4-8-1,Nbs
489,7A17,H1-13-3,H2-9-1,H3-16-*,H4-8-1,Nbs
492,7A6O,H1-13-*,H2-10-2,H3-21-*,H4-8-1,Nbs
493,7ANQ,H1-13-*,H2-10-*,H3-20-*,H4-8-1,Nbs
494,7APJ,H1-13-1,H2-9-1,H3-10-*,H4-8-1,Nbs
495,7AQX,H1-13-1,H2-10-2,H3-16-*,H4-8-1,Nbs
497,7AQY,H1-13-1,H2-10-2,H3-19-*,H4-8-1,Nbs
499,7AQZ,H1-13-1,H2-10-2,H3-17-*,H4-8-1,Nbs
501,7AR0,H1-13-*,H2-10-2,H3-19-*,H4-8-1,Nbs
502,7AZB,H1-13-*,H2-11-*,H3-14-*,H4-8-1,Nbs
503,7B27,H1-13-1,H2-10-*,H3-15-*,H4-8-1,Nbs
505,7BU6,H1-13-*,H2-9-1,H3-14-*,H4-8-*,Nbs
506,7BU7,H1-13-*,H2-9-1,H3-14-*,H4-8-*,Nbs
507,7C8V,H1-13-1,H2-10-*,H3-8-*,H4-8-1,Nbs
508,7CAN,H1-13-1,H2-10-*,H3-14-*,H4-8-1,Nbs
509,7CZ0,H1-13-1,H2-10-2,H3-8-*,H4-8-1,Nbs
513,7CZD,H1-13-1,H2-10-2,H3-9-*,H4-8-1,Nbs
515,7D2Z,H1-13-1,H2-10-*,H3-8-*,H4-8-1,Nbs
516,7D5U,H1-13-1,H2-10-2,H3-6-*,H4-8-1,Nbs
517,7D6Y,H1-13-1,H2-10-1,H3-26-*,H4-8-1,Nbs
518,7D8B,H1-13-1,H2-10-1,H3-26-*,H4-8-1,Nbs
520,7DV4,H1-13-1,H2-9-1,H3-13-*,H4-8-1,Nbs
524,7E53,H1-13-*,H2-10-2,H3-21-*,H4-8-*,Nbs
525,7EOW,H1-13-*,H2-10-2,H3-21-*,H4-8-1,Nbs
526,7K84,H1-10-*,H2-10-2,H3-19-*,H4-8-1,Nbs
527,7KBK,H1-13-*,H2-10-1,H3-20-*,H4-7-*,Nbs
528,7KD0,H1-13-4,H2-10-*,H3-11-*,H4-8-1,Nbs
529,7KD2,H1-13-*,H2-9-1,H3-12-*,H4-8-*,Nbs
530,7KDM,H1-13-*,H2-10-*,H3-15-*,H4-8-1,Nbs
532,7KDU,H1-13-*,H2-10-*,H3-16-*,H4-8-*,Nbs
533,7KGJ,H1-13-*,H2-10-*,H3-14-*,H4-8-1,Nbs
534,7KGK,H1-13-*,H2-11-*,H3-8-*,H4-8-1,Nbs
535,7KJH,H1-13-*,H2-10-*,H3-13-*,H4-8-*,Nbs
537,7KN5,H1-13-*,H2-10-1,H3-22-*,H4-8-1,Nbs
541,7KN6,H1-13-1,H2-9-1,H3-15-*,H4-8-1,Nbs
543,7KN7,H1-13-1,H2-10-*,H3-19-*,H4-8-1,Nbs
545,7L6V,H1-13-1,H2-10-2,H3-10-*,H4-8-1,Nbs
550,7LDJ,H1-13-*,H2-10-*,H3-23-*,H4-8-*,Nbs
554,7LVW,H1-13-4,H2-10-*,H3-16-*,H4-8-*,Nbs
560,7LZP,H1-13-*,H2-10-*,H3-23-*,H4-8-1,Nbs
566,7M1H,H1-13-*,H2-9-1,H3-19-*,H4-8-1,Nbs
572,7MFU,H1-13-1,H2-10-*,H3-8-*,H4-8-1,Nbs
576,7N0I,H1-13-5,H2-10-1,H3-19-*,H4-8-*,Nbs
580,7N0R,H1-13-1,H2-10-2,H3-14-*,H4-8-1,Nbs
582,7NA9,H1-13-1,H2-10-2,H3-22-*,H4-8-1,Nbs
583,7NFQ,H1-13-1,H2-10-2,H3-10-*,H4-8-1,Nbs
585,7NFR,H1-13-1,H2-10-2,H3-10-*,H4-8-1,Nbs
586,7NKT,H1-12-*,H2-10-2,H3-19-*,H4-8-1,Nbs
587,7NMU,H1-13-1,H2-10-*,H3-19-*,H4-8-1,Nbs
589,7NOW,H1-13-5,H2-10-2,H3-21-*,H4-8-1,Nbs
591,7NQA,H1-13-*,H2-9-1,H3-17-*,H4-8-1,Nbs
593,7NX0,H1-13-*,H2-10-1,H3-19-*,H4-8-1,Nbs
595,7O06,H1-13-3,H2-9-1,H3-16-*,H4-8-1,Nbs
597,7O3B,H1-12-*,H2-9-1,H3-12-*,H4-8-1,Nbs
600,7OAQ,H1-13-*,H2-10-1,H3-17-*,H4-8-1,Nbs
602,7OAU,H1-13-*,H2-10-1,H3-14-*,H4-8-1,Nbs
604,7OAY,H1-13-3,H2-10-2,H3-18-*,H4-8-1,Nbs
610,7OLZ,H1-13-3,H2-9-1,H3-17-*,H4-8-1,Nbs
612,7QIV,H1-13-*,H2-10-2,H3-16-*,H4-8-1,Nbs
613,7R98,H1-13-*,H2-10-2,H3-19-*,H4-8-1,Nbs
616,7T5F,H1-13-1,H2-10-2,H3-11-*,H4-8-1,Nbs
620,7VNB,H1-13-*,H2-9-1,H3-12-*,H4-8-1,Nbs
0,6F5G,H1-13-5,H2-10-2,NA,NA,Nbs
1,3RVW,H1-14-1,H2-9-1,NA,NA,Abs
2,6CSY,H1-13-1,H2-9-1,H3-10-2,NA,Nbs
3,5USI,H1-13-1,H2-10-1,H3-10-1,NA,Abs
4,6ERX,H1-13-1,H2-10-1,NA,NA,Abs
5,3L5Y,H1-15-1,H2-9-1,H3-13-2,NA,Abs
